n_pares_minmax,n_pares_tau_minmax,persistencia_total_minmax,vida_maxima_minmax,entropia_minmax,n_pares_zscore,n_pares_tau_zscore,persistencia_total_zscore,vida_maxima_zscore,entropia_zscore,n_pares_robust,n_pares_tau_robust,persistencia_total_robust,vida_maxima_robust,entropia_robust,sample
4,3,2.676138406770524,1.4549208293044056,0.9920592959956154,5,4,6.96092325954143,3.1993994931865952,1.1562978805994748,3,2,7.664665061748927,4.263985861725587,0.6867904204545889,803
6,4,2.7059143151655705,1.6143149914501946,0.9852206625809989,5,4,10.101432264636209,4.4288179380557455,1.1870619740073063,4,3,8.364207876948415,4.162316608462844,0.9812536620317547,124
4,3,3.6993992478269027,2.204676720613585,0.9265579972168027,5,4,14.697689139924218,6.917297134341669,1.1342523261262873,5,4,14.439023780626151,7.013924311054526,1.0957520642973813,350
4,3,2.860606027940478,1.7666410322679913,0.816120667552005,4,3,7.330173319803572,3.4487841067612433,0.9336154176002128,4,3,5.544895070975014,3.1717332765727884,0.8284230555985674,682
5,4,3.2504688278620035,1.6815560780310783,1.149614113652179,4,2,5.761038206471741,3.2875028878040955,0.7209048515591863,5,3,4.901782109850133,2.4839569247489606,0.8733887606142059,1326
5,4,3.1087070272544697,1.787929944770351,0.9852033731567437,5,3,9.755070089907985,5.161804197143559,0.9593609867041534,5,3,7.0960404099406915,3.609767567868806,0.879796062042664,976
4,3,2.483862085260437,1.4234693465510206,0.8252871025732826,4,3,15.95876581363405,6.315327459385385,1.0900901422470228,4,3,14.983389976187498,5.889412791995506,1.0826805753656106,1493
5,4,3.4661766264462184,1.6309593493751504,1.2405075870538602,5,4,9.762404460933078,4.167040805027897,1.3022756920443528,6,4,6.396098785393511,2.83914349881746,1.1969940223940725,706
5,2,2.7037985730467646,1.7935682900659415,0.8188625053311456,5,4,5.490460372053221,2.1846115683257388,1.2809099080534343,4,3,5.271866908786731,3.11344275003941,0.9196684594510554,613
5,4,4.240868544068478,2.0031711160320214,1.245845580929771,5,4,11.807358271637362,4.50053156703108,1.2528023166150575,5,4,10.34094533728246,4.069172930167042,1.2443864998466931,1587
6,3,4.286833486318731,1.8082542094109817,1.1125189107373568,5,4,13.375209870811442,6.599754434243033,1.093325532747864,5,3,11.216913317824043,4.948021132407156,1.0085466279572448,513
5,4,4.410834351677659,2.05309296798842,1.2458234517737645,4,3,10.242490096904115,4.568133182436123,1.0675789483034546,5,4,8.11993792127733,3.246100666562087,1.15638389218797,1505
5,4,2.775026145175647,1.544307674624862,1.1375477961165492,5,4,6.31514957914664,3.144491112580084,1.0521829687518727,4,2,4.555334441110092,2.578134778634185,0.7035660898754554,1525
6,3,2.8148819527767777,1.5935570900834675,1.0434258026046912,6,5,9.990394569328846,4.752411338667803,1.4108379900368369,6,5,4.751220321703583,2.8437950051040923,1.191331672078798,1568
5,4,2.701810145596524,1.5753605514204756,1.0097106442008694,6,5,7.419482767732327,3.143780619858812,1.3947113006093184,5,3,4.138940041296912,2.0330184091376884,1.0591717079572758,220
6,5,5.104319701209315,1.9266559042478293,1.4479183006546827,6,4,18.247617938691427,7.106147992191627,1.2584150186652603,5,4,13.772582885214534,5.464227328802422,1.2065516372923277,1010
5,3,2.503104343255494,1.4640768553620267,0.9870768591942705,4,2,6.63976884694985,4.563818025011781,0.6502398149652933,5,2,5.179057507382446,3.0992774907555507,0.68154419400033,30
4,3,3.0596545198500715,1.7339787437485819,0.9618615144146926,5,4,5.5464320390509165,2.1255650168399782,1.273264845222974,4,2,4.468386699030791,2.3738041329302275,0.7358584812173514,942
6,5,4.2616695577628345,2.106948579459109,1.227171239569892,5,4,13.09523104028359,7.145605052582746,1.1240023640407983,5,4,11.88635042403709,5.784573704304126,1.1785656707628966,481
4,2,2.312579057608092,1.452945191016536,0.7933772063377782,5,4,8.786832927661376,2.619047183624069,1.366757262887775,5,4,8.054149135224657,3.394940650398911,1.2918976428438698,135
5,4,4.276609372885073,1.69064521890017,1.330692404280291,4,3,10.097109172410413,5.501663469591419,1.0045726390798322,4,3,9.986578394976735,8.52843637174826,0.5130253470006517,65
4,3,3.0452867841312,1.6520713082085106,1.0058514640835108,6,5,12.21164328633632,3.551557292188938,1.5361382089712659,6,5,6.985106866937725,2.100178484494404,1.5397483792235491,99
6,4,5.253103777852692,2.039125905608813,1.3257286753124027,5,4,13.953221814452876,5.344743114172539,1.3084397158843875,5,4,10.88707923336442,5.200145163281661,1.1345776446686362,1547
6,5,5.669116872508284,1.9015715478036805,1.524914414905263,6,5,18.99101164438602,7.201568024400057,1.46972272096191,6,5,14.124647915134837,6.195524389421774,1.3486498191820044,1311
5,4,3.523024232040085,1.7648291358715058,1.1607029201218984,5,4,7.008074873008396,4.14344193241797,0.957736913159184,4,3,3.5390749569475815,1.9748808582049433,0.9596423654395907,29
5,4,4.111754821524514,2.169908122761763,1.1338588219987515,5,4,11.803399296258986,4.679946972052348,1.2756636163492512,5,4,10.03912845902232,3.3166266472329737,1.3401271837623479,745
5,3,5.49557599126398,2.4639506162153895,1.0652641344935208,4,3,15.082303773371802,5.720292366344757,1.0901838437454665,4,3,12.760709453023043,10.934604308545548,0.4706129376987159,538
5,4,3.596221425531291,1.724176147606844,1.230936688293906,5,4,7.2685161311786,3.167711429158583,1.278620747284318,5,4,6.248764748099881,3.0716379847071957,1.1170671742451317,168
4,3,2.5643057567930168,1.5899385078727808,0.9101891575278891,4,3,11.837045853890368,6.468496413796877,1.0025975618697465,3,2,13.303430430318468,13.0673873136242,0.08912035176784634,274
4,3,4.117470934717298,2.2562025871377482,0.8656133098699723,4,3,14.462429693633986,6.196640652302656,1.0724725104719814,4,3,14.260535283380339,7.531173458110898,1.014937707195215,271
6,4,2.5823170752529068,1.5308509401834487,1.0402805232741381,5,4,6.14298055778351,2.656459344387225,1.1586037855161617,4,3,3.2368535805460708,1.8724510032903567,0.9714110548363184,1502
5,4,3.331005684048313,1.5012028676528475,1.2707531384239497,5,4,8.280009377350629,2.796313175571391,1.3498592105644422,5,4,5.953941955346553,1.933208873189857,1.2486185425751422,1355
4,3,3.2097292931446484,1.8516957810140815,0.894280209566173,5,4,5.421968263375865,2.6568594405937676,1.2008492921109644,5,4,2.595740583725679,1.1661361368210195,1.2840338380519758,1425
5,3,3.0889404719580327,1.5959685655237557,1.0285304492988343,5,4,11.659694236969809,5.2401234758260395,1.1204258980812947,4,3,9.080295708716342,4.631720013565061,1.0124543776094375,486
5,4,3.7248541844110514,2.020994770849145,1.1197893743348382,4,3,7.585647116498167,3.945410169181724,1.020099885814002,5,4,6.537852129815764,3.011636512815444,1.2639334368821844,251
4,3,2.3388906444799056,1.3237630164896537,0.9788086713467763,5,4,12.39592531233004,5.137497828587396,1.1494030063773177,5,4,8.983008576851143,3.761123577660987,1.1287306238051964,247
6,4,4.147854042453332,2.1385332789939575,1.2126982529315686,5,4,14.696356648424048,5.640474113340414,1.2489275110509384,5,4,13.84338853759867,4.815185868239157,1.3020209329375545,1209
5,4,4.28797728603308,2.0776858724325917,1.2419579714953346,4,3,11.630036233650987,4.7030536654257205,1.0831111036802565,5,4,11.052734602090108,4.089263170033026,1.214920825834917,1487
4,3,3.2633485806094438,1.5728096719433002,1.041059467678968,4,3,11.810557632698199,5.1529742312542455,1.0740367185411293,5,4,9.485191331543817,4.355446423280637,1.1756113887723378,937
6,5,4.183923435178178,1.7540240847680189,1.3731392149276027,5,4,12.39287937481268,6.371177718131141,1.1069871567920635,4,3,9.894848358648659,4.835051753203378,0.9964049439426306,914
4,3,3.615738740376428,1.4923293358768737,1.0443707421624409,5,4,16.0963345286533,6.849973132847161,1.1229802809047844,4,3,12.78646308175978,5.316822759669426,1.0837599695763296,394
4,3,2.5566621062543966,1.3331461370981608,1.0175585311651258,5,4,11.69209220907839,4.1120752915649845,1.284646449955091,5,4,8.149896316961165,3.3214731285003567,1.2941904401319178,23
4,3,3.3718985266200487,1.7350755204131085,0.9937494159784794,5,4,11.963967508142533,5.338504284509604,1.149644729411926,5,4,10.765661053967495,4.719996686757423,1.153989800666853,589
4,3,2.478237062331746,1.3049011710904372,0.9727105428191669,5,4,10.873457954357162,4.959344561605391,1.1489537885901973,4,3,10.59788790830821,4.35101881482246,1.0657350247265878,32
4,3,3.25789726157977,1.5996220996627226,0.8439252080788475,5,4,19.902863683822915,7.905534749306243,1.2615645625943641,5,4,19.274277414382865,10.501471953680925,0.9855910910228112,483
5,4,3.57981915672309,2.095830890052402,1.0456506940844923,5,4,11.896756125329146,5.389737985353323,1.060246630858558,5,4,12.796392430328805,4.7637704835632,1.2798933440053855,69
6,3,3.7762814724217075,2.3173868857180393,0.9191805950855618,5,4,13.51126558065967,7.005829053420117,1.2196951494685315,5,4,14.757748992402654,5.912825480536711,1.3312183151848789,506
4,3,3.41882044496512,1.4790456803567178,1.0095374034787872,5,4,15.643635890748335,6.193875142201197,1.1528537209125704,4,3,13.010415605540974,5.116368784815184,1.0704895341233966,596
5,4,3.368571708714377,1.706260841735482,1.1648394495127357,5,4,6.800840332271207,3.1824679185098783,1.2396591256959844,5,4,6.074043275425476,2.3289663925990776,1.2097960987081189,422
5,4,3.3928368859909552,1.6736722045423336,1.2229823279538614,4,3,6.049878055492747,3.735464500146909,0.9003781418857228,4,3,4.670269010660787,2.3779805064387496,0.9822629157435059,1212
4,3,3.400627195897407,1.771468107701152,0.9835865700679334,5,4,18.62604292848151,9.840905132126853,0.977659074473424,3,2,19.932730405122896,13.382073277606882,0.633210049982504,415
4,3,3.555870049816445,1.9346691800708324,1.0040867856484574,4,2,29.23369683709785,15.678926647416096,0.7097758324242593,3,2,65.15109134694879,33.85968698414524,0.692369994905073,692
5,4,3.898032502640209,1.8053008894870355,1.2369275625995741,5,3,7.728073197595693,3.4381372499849303,1.055803488327521,4,3,7.159549814610374,3.5536574031752313,0.9491263595403058,1290
6,5,6.095737406736168,2.273389192043494,1.40626503012165,5,4,26.606599667327743,9.877473962815879,1.3479915948735566,5,4,24.68919309617325,9.19257698458595,1.3074705767642494,802
5,4,3.8748968212081203,1.9710446030540552,1.167438477385526,5,4,12.546618348457999,4.462478095004164,1.3474082694786278,5,4,9.396632057684366,3.095434719550992,1.3591777607109572,184
4,3,2.800754338920094,1.3809295585303176,1.021179970309177,5,4,13.892893422770875,5.014141732079349,1.3479620420192204,5,4,8.75307194618524,3.9397008327071608,1.24371131471618,1054
5,4,3.9322429131539245,1.9891306099044512,1.2255620237109932,5,4,12.385596205544307,4.439230936912806,1.1990971852870542,5,4,11.01276332871809,3.7528461502172563,1.2803590774303737,859
5,4,3.022636033178901,1.6319314762898798,1.1252277081867768,2,1,5.037201204188472,5.037201204188472,-0.0,2,1,10.574105997556206,10.574105997556206,-0.0,1388
6,4,3.3996131040382647,1.6572480880471538,1.2371059746888964,4,3,5.990399087304592,3.579551183320837,0.9175769231695512,4,3,5.003566881019435,2.830183584717867,0.9825625608571626,1284
5,4,4.2832296461136945,2.1610797439371274,1.2019588786091124,5,4,12.027281720001618,4.932801877633196,1.2724517761031093,5,4,10.227934354650047,3.224196762643107,1.367856705112445,846
5,3,2.528919972860272,1.4398767490520488,1.021926995195426,5,4,4.614419811290926,2.2567677536768107,1.2194264392299625,5,3,2.9638645518703868,1.6242252933980152,1.0751806900110352,722
5,3,3.288141936881416,1.800163946203455,1.0854575328900067,5,3,7.3709129545410015,3.341949685265858,1.0829471364137682,5,3,5.929888644441411,3.282645278946439,1.01212535903346,1035
5,3,2.9479064499363083,1.568611397113181,1.0916280947581423,6,5,10.570954625332659,3.4408949786893586,1.483038240556017,4,3,5.7569174202845925,2.707591281954591,1.0372444162126264,203
5,4,3.2984865937074135,1.6869242077983286,1.14753495918836,5,4,10.091599104403842,3.8923535414479065,1.3405138679018833,5,4,5.948304354715574,1.900817587622847,1.3267004673983143,59
6,5,4.460270912667058,2.0619139889943234,1.3359646366816564,6,5,11.304762444059408,4.433226513820486,1.2846475414209648,6,4,9.713761810661035,4.22403182481883,1.2131544976257516,817
5,3,3.44274229183306,1.867614858049683,0.9109728641538015,6,5,10.11029323195445,5.632540480645956,1.1097601539211501,5,3,7.141327128673721,3.3279887596510145,0.9405749441737001,610
6,4,4.2706396234810935,1.8337152798625547,1.2004525726078201,5,4,11.842603972072673,6.847107410117405,1.1300588691359188,6,4,8.869587189064088,4.386598155122728,1.2305086397192677,1063
5,4,5.2247804632939925,2.589521027341669,1.1450908362315175,5,4,18.62794979428771,8.30219889485172,1.2173627420965276,5,4,16.36057173797247,6.0270791567354145,1.2410906902649192,298
7,5,4.925125970381701,2.59216851202119,1.2663974418842001,5,4,12.543552771931205,6.032305360307723,1.2147904546486996,5,4,11.460313135274445,4.634629572835255,1.289448357590698,1402
4,3,3.1196280536239476,1.928903620323927,0.8715249068723718,5,4,9.309701832164198,4.171697855982522,1.163270421116803,4,3,7.828399874605445,3.8407056246601465,1.0111960919762986,411
6,5,5.469476523903557,2.0396628430675334,1.4699513001250355,6,5,18.43195799903443,7.784997385716542,1.4112649502707872,6,4,13.68487912947462,5.6603809001242364,1.3209702892355404,1026
5,3,2.6422768426129424,1.476843403950275,1.0195902573673972,5,4,6.591012594583981,3.4581716755620637,1.1560164933434878,5,3,3.179494752131705,2.0191360141404537,0.9264473477964195,261
4,2,2.941325673994735,1.7505813884083397,0.7396689249801193,5,4,8.025433930501245,3.086308230143013,1.2862582770951498,5,4,6.907505001444807,2.3227279697984216,1.3395917439827827,383
5,4,4.003614743242009,1.711776923188351,1.2685880851745694,5,4,9.256570794873003,4.339749283966811,1.1159658451008148,5,4,8.349897861370412,3.680016790963349,1.099327210841965,1102
6,5,4.618963396203734,1.9216876930594258,1.4199087961808798,6,5,13.638733426456113,5.174150473489448,1.3705887793753841,5,4,10.931840061341832,3.9836419214399115,1.2737740650229008,1103
4,3,2.692544817021987,1.4173367035190498,1.0171302077705593,5,4,12.67286733972799,5.001825706931179,1.3148091073091106,5,4,9.655505470766101,3.5243748914389843,1.3031997350629938,529
6,5,7.387123827888228,2.2305244606211243,1.5035640233911622,5,4,33.22589556450095,12.692625325379874,1.3202947419624254,5,4,26.963914819550162,9.224546150614838,1.3110089360761679,1269
5,3,3.182446663597891,1.6889152056595265,0.8881679764838097,4,3,12.519464509051993,6.7806359398465315,0.7557614443919654,4,3,10.766687407545753,5.129682382789374,0.942311136151848,526
6,5,5.129909475168786,1.9812848890432293,1.4582552394289103,6,4,17.34589071679297,5.946385635234077,1.3491748913422885,5,4,15.263085922500565,6.375049301230356,1.2718997345274783,1151
6,5,4.326065613495922,1.9439337913627546,1.3732956070877902,5,4,12.624600723717567,3.8667008326913397,1.3607139429202526,5,4,11.216571575870898,3.4242931407521207,1.3714000827687443,1230
5,4,4.792332307408987,2.1803778717131435,1.2305526009621874,5,4,15.028254483473475,4.85991607582241,1.3556989687929601,5,4,12.507216624287452,5.334321430279898,1.1998810030913671,781
6,5,4.712618966143698,2.288916281803854,1.2982931222857612,7,5,12.594989804294102,5.634477875720481,1.3590554888899218,6,5,10.03064212884576,4.040191893973218,1.4050968858655928,1223
5,4,2.9598397737612423,1.6736628338748334,1.0907571235725881,5,3,7.398390698253753,4.757602678889167,0.7313315930658617,4,2,6.334170225273306,3.873545782521872,0.7088619219869531,1465
5,4,4.11893409083261,2.025146452711647,1.125697926931629,4,3,7.9300814124898436,3.507841933163868,1.037606351357934,4,3,5.352000593235586,3.8446876844521487,0.6892833091683506,798
6,4,2.7654019061111743,1.5568511688612672,1.196971808113024,4,2,3.3775131006087635,3.124951751240416,0.2788236937774402,5,2,4.663456634749831,4.443181283656353,0.19672394828580375,270
6,5,4.322550985656942,1.8176904410659342,1.3501160388151092,6,5,13.310907771421268,5.116381657726594,1.4134050006303283,6,5,11.080246260063191,4.840933752256557,1.2359585249848088,887
5,3,3.132994908287493,1.874003790028112,0.8836756023278032,4,3,8.280073659270561,4.543220886505318,0.7668586283553857,4,3,6.948956122111281,3.522540461483982,0.8926241748131782,590
5,4,4.578086563549383,1.9841299090344844,1.2963386696722077,5,4,14.822660149005547,5.225720343355637,1.2950452306855322,5,4,13.459500902080482,4.638703913092846,1.3336443181479192,829
6,5,3.849089556653899,2.1622618606521,1.227524299670131,6,3,7.141079432502634,3.946603297610627,1.0161581513885374,5,4,8.140420136883273,3.4965323629379106,1.177124755170047,838
5,4,4.661874516227353,2.2099525860198375,1.2432905458985986,4,3,11.944432763008663,5.719833528494059,1.0411202553606393,5,4,9.145616944040636,3.3932614719202503,1.151645547246508,1461
6,5,3.8900027541257582,1.867917828682807,1.252587813815425,6,4,11.969316107443866,5.025716794998394,1.1463727277694125,5,4,9.358949322156208,4.697746110711035,1.0797210896983045,420
6,5,2.859042087080513,1.4031951291119356,1.307390046633382,4,3,18.411790107044432,10.663311696433784,0.8561344335663532,3,2,21.58691866862622,19.58866963888616,0.30843838089978187,649
5,4,5.743870649236953,2.3600604984785,1.298890809885819,5,4,18.529223193109786,6.364198512465867,1.312305901895363,5,4,14.651971831345065,6.517715111390416,1.202415228878369,1488
5,3,4.591227755611733,2.131934863757034,1.0648859889153246,4,3,13.111705044304149,6.486497718818695,0.9979082812747669,4,3,9.89309609228356,4.747280656741088,0.9992458725439842,560
5,3,2.616262006589172,1.458502659501848,0.8667705524413957,5,4,12.561765562378133,4.620835631038869,1.1795653243572533,4,3,9.786633937643707,4.079019728641875,1.0828673877890638,49
4,3,2.8418623575606903,1.3949779608851274,0.9884311966287084,5,4,8.046679706508217,3.7322930248745494,1.0400074548228333,5,4,4.867029788759403,2.2502592065824376,1.1579617549780474,1113
5,3,2.285117640017309,1.4891219400379265,0.8384474968880318,5,3,6.021469833908269,3.65088468492838,0.9757444784793945,4,3,5.438960820548296,3.292879436820775,0.9422611455076068,1310
5,4,2.365343523272071,1.510379935896148,0.9860395080726578,5,4,5.151108281257333,2.684465633716271,1.1179159674053174,4,3,5.197554152608747,2.8023243843724854,0.8176731735055112,1532
5,4,3.748350496613548,1.5606980185427362,1.1839703649029065,3,2,7.848339165395705,4.219063361179189,0.690320900570002,3,2,14.35955737451317,8.5147199124585,0.6757610743846658,1334
5,4,3.037718658721544,1.6701226735455417,1.1176048798897014,5,4,4.844036010358099,3.4135956721523146,0.9268610296089069,5,3,2.6306288016391974,2.2219981508789006,0.556904392105698,162
