tipo_ruido,magnitud,dB,dW,norma_inf,sample,cumple_teorema,razon_dB_norma_inf
gaussiano,0.01,0.0325398165358462,0.0616444304311457,0.0346206697817395,803,True,0.9398956386744767
gaussiano,0.05,0.3021380092442243,0.7487697733980738,0.3029501991818271,803,True,0.9973190645201876
gaussiano,0.1,0.2738520971493687,0.7976782612681613,0.342007995774612,803,True,0.8007184058054626
gaussiano,0.2,0.9099171475112784,1.929197104172448,1.1852280740783283,803,True,0.7677148115301432
gaussiano,0.5,2.0742374096452068,4.473836873151283,3.565960398450289,803,True,0.581677073740538
acotado,0.01,0.0204344421595403,0.0494114542095035,0.0263833558883032,803,True,0.7745202030420895
acotado,0.05,0.1297525704753026,0.3492710520870229,0.1386345885670956,803,True,0.9359321639455486
acotado,0.1,0.2163745730264747,0.4594166036672778,0.3371510275909875,803,True,0.6417734348090675
acotado,0.2,0.387609446492533,0.8809646884444696,0.9237447901001644,803,True,0.41960663881038324
acotado,0.5,0.7969885250278126,1.5112914972882974,1.1561283402228353,803,True,0.6893599069409534
gaussiano,0.01,0.0442759164583455,0.1367834793999328,0.0668285256663301,124,True,0.6625301997445205
gaussiano,0.05,0.3001539313987078,0.6134187584161337,0.3073344758319645,124,True,0.9766360594143604
gaussiano,0.1,0.3894479880413273,0.978057509912539,0.6038691857563878,124,True,0.6449211140878415
gaussiano,0.2,0.9826553529754314,2.8791068379592364,1.5189128582153255,124,True,0.6469464970689762
gaussiano,0.5,2.134472302502592,4.8604613829048935,3.58022653483299,124,True,0.596183588310889
acotado,0.01,0.0282880953342594,0.0573024792842487,0.028608464306328,124,True,0.9888016019092036
acotado,0.05,0.0922890927360526,0.2710143164551546,0.1101409970781754,124,True,0.8379177162391951
acotado,0.1,0.2371923420371516,0.545675530994563,0.2459586639692587,124,True,0.9643585560653283
acotado,0.2,0.6937654525558044,1.5354905027010928,0.6975904018891397,124,True,0.9945169123270948
acotado,0.5,0.8336805311495836,2.0717593336491085,1.3269715966851052,124,True,0.6282580073546358
gaussiano,0.01,0.030462568963673,0.0852604410938271,0.0377960448356511,350,True,0.8059723999199832
gaussiano,0.05,0.1077651339343325,0.2300244777357312,0.1195292093203597,350,True,0.9015799112792809
gaussiano,0.1,0.4994220611533426,1.2544557548154691,0.5265577390619067,350,True,0.948465902415739
gaussiano,0.2,0.9505210854939898,2.772875878748321,1.0910987149419549,350,True,0.8711595683114304
gaussiano,0.5,2.796572447517904,5.488676397909419,3.3036353323438137,350,True,0.8465136633388146
acotado,0.01,0.0212805687949528,0.0540156315762536,0.0360864573742766,350,True,0.589710665534106
acotado,0.05,0.1014837864692612,0.2676716859317534,0.1324444289657576,350,True,0.7662367323543597
acotado,0.1,0.2814397670141648,0.4997202309047672,0.284131071546386,350,True,0.9905279471281554
acotado,0.2,0.7210082031034282,1.3354713899679558,0.7528356370753277,350,True,0.957723263346638
acotado,0.5,0.9020079126692082,2.1824046566527264,1.5660139769672583,350,True,0.5759896948148804
gaussiano,0.01,0.0633912695807836,0.0938689249013894,0.0638260271204174,682,True,0.9931883972848009
gaussiano,0.05,0.1319934811740528,0.2683465006495831,0.2690732976419741,682,True,0.4905484205633881
gaussiano,0.1,0.4517213024070339,0.8772447030165498,0.4699936466656305,682,True,0.9611221462497851
gaussiano,0.2,0.907032626580294,2.0023612479896187,1.5811054344402158,682,True,0.5736699190471288
gaussiano,0.5,1.4407242784047551,3.1351538236080208,3.1628812618695625,682,True,0.4555100742394454
acotado,0.01,0.023836380341089,0.0411665707801365,0.0327858443373854,682,True,0.7270326820257789
acotado,0.05,0.1213107629809048,0.2752810642307993,0.1486341445060787,682,True,0.8161702237667439
acotado,0.1,0.2013564911920777,0.3651297769583629,0.2606718697395196,682,True,0.772451938881193
acotado,0.2,0.218189702916979,0.4870266926006176,0.6518118317008051,682,True,0.33474339112201407
acotado,0.5,0.7272259301762809,1.2557597328813035,1.3548460078619875,682,True,0.5367591046925536
gaussiano,0.01,0.0581921515019092,0.1272056315954932,0.0616861439053398,1326,True,0.9433585537654567
gaussiano,0.05,0.1360883251575637,0.3547024648907087,0.1806977038090602,1326,True,0.7531270308856034
gaussiano,0.1,0.2864469279140361,0.6234547692174637,0.3457341432882425,1326,True,0.8285179045079792
gaussiano,0.2,1.1640537338106234,1.7549488248345078,1.2361569886623558,1326,True,0.9416714418046892
gaussiano,0.5,1.2309353130790872,1.8747925175506432,2.529723544691291,1326,True,0.48658886685948194
acotado,0.01,0.0120435643950147,0.0323826482922213,0.024999860067391,1326,True,0.48174527227550085
acotado,0.05,0.0920371494747511,0.1959315287115915,0.1090865847688619,1326,True,0.843707314421512
acotado,0.1,0.1319110355518384,0.2877407617962249,0.3042341746601047,1326,True,0.4335838855027102
acotado,0.2,0.4175935907329816,0.8399887188294183,0.6002334276831011,1326,True,0.6957186512335566
acotado,0.5,0.5664780927283872,1.2071771557963913,1.8035172068466576,1326,True,0.31409630613884765
gaussiano,0.01,0.0270049371831979,0.0547777290120204,0.0290526308138514,976,True,0.9295177898423842
gaussiano,0.05,0.2123498328184083,0.4022685959169182,0.2376342527181839,976,True,0.8935994301723793
gaussiano,0.1,0.1403053560621048,0.3895524299478325,0.399703515241808,976,True,0.35102357300316583
gaussiano,0.2,0.9933958599507512,2.1634196997001545,1.129475141447381,976,True,0.8795198968945442
gaussiano,0.5,0.9680531425504296,2.808072245631759,2.4263035660020758,976,True,0.3989826978433421
acotado,0.01,0.0174816258221626,0.0408115839226685,0.0342812831072025,976,True,0.5099466600329703
acotado,0.05,0.111104859568845,0.2181790356525763,0.156833955228389,976,True,0.708423500555405
acotado,0.1,0.213758454021838,0.4920534045744095,0.2859396734063173,976,True,0.7475648673560924
acotado,0.2,0.5431398646692713,1.4290508349279871,0.548253354751225,976,True,0.9906731257772713
acotado,0.5,0.7798372167415404,1.8176193851139784,1.2126152231878962,976,True,0.6431036010676107
gaussiano,0.01,0.0369172586604351,0.0768162057818715,0.0413118220844768,1493,True,0.893624555821928
gaussiano,0.05,0.1299976718703335,0.3641681938005845,0.2720516037158352,1493,True,0.47784196121159195
gaussiano,0.1,0.3648557362472506,0.7629574166885782,0.4461697563995093,1493,True,0.8177509367545556
gaussiano,0.2,0.590913897827138,1.2980945821133187,1.0193998510027806,1493,True,0.5796684169081031
gaussiano,0.5,1.4231116705431042,2.936534525409793,2.498516059117043,1493,True,0.5695827590742086
acotado,0.01,0.0164436694553171,0.0397117184588218,0.0383948170470981,1493,True,0.42827836463307023
acotado,0.05,0.1186449426036366,0.291480141689481,0.1416516953616389,1493,True,0.837582228018763
acotado,0.1,0.1941784516514171,0.3342953506707222,0.3062608961371878,1493,True,0.6340295287467452
acotado,0.2,0.5392060727480483,1.2307978170513243,0.6461600105723972,1493,True,0.8344776277170041
acotado,0.5,0.7957532425777856,2.223414590998013,2.0413680451821885,1493,True,0.38981370579197344
gaussiano,0.01,0.0442622303777167,0.1311489394710213,0.049468922750341,706,True,0.8947482159880181
gaussiano,0.05,0.3139417318899271,0.6996531044416154,0.3175665240976122,706,True,0.9885857232024526
gaussiano,0.1,0.5163921166819376,1.2316458384623026,0.5647326301106741,706,True,0.9144010619339228
gaussiano,0.2,0.7215215660473178,2.031090024705644,0.9719130582234524,706,True,0.7423725403650588
gaussiano,0.5,2.327537686599123,6.32123039714237,2.540685187751816,706,True,0.9161062920426982
acotado,0.01,0.0146392301533304,0.0457055410665263,0.0298829554704542,706,True,0.48988561950655996
acotado,0.05,0.1618076250798945,0.3629099477292352,0.1639263934095261,706,True,0.9870748798557506
acotado,0.1,0.3002698064792655,0.6151265705480174,0.4883648091139605,706,True,0.6148473454179562
acotado,0.2,0.4373733835036535,1.2969148877444456,0.6575635748427134,706,True,0.6651423531302985
acotado,0.5,0.9358426473596264,3.1735763057641813,1.781129228505955,706,True,0.5254209702373078
gaussiano,0.01,0.0358985130230686,0.1061642292693753,0.0377982276674697,613,True,0.949740642309638
gaussiano,0.05,0.1648336960538534,0.2905518290704721,0.1969766514437831,613,True,0.8368184495252055
gaussiano,0.1,0.8288791058971594,1.0430379777315268,0.5112316158282173,613,False,1.621337726842929
gaussiano,0.2,1.0165379136655353,1.9907691537658088,1.243916157506192,613,True,0.8172077414795338
gaussiano,0.5,0.6473524327663207,1.613637961532218,3.266780326462424,613,True,0.19816221725179012
acotado,0.01,0.018636223619221,0.0348180522151184,0.019078147402027,613,True,0.9768361270361584
acotado,0.05,0.149304578820878,0.3889347159427456,0.1929311730298781,613,True,0.7738748304700147
acotado,0.1,0.2307103695579353,0.7445249579545021,0.2604994103375337,613,True,0.885646417621444
acotado,0.2,0.2468376248308668,0.6794246522196541,0.7482007769129938,613,True,0.32990827121203437
acotado,0.5,0.6327572568113595,2.090799045957332,0.6966738508465794,613,True,0.9082546388707569
gaussiano,0.01,0.0453513201883247,0.1372455557831501,0.0598381441239808,1587,True,0.7578998455292942
gaussiano,0.05,0.1517751492851315,0.4252118699259495,0.2585396085464927,1587,True,0.5870479580997665
gaussiano,0.1,0.248989662394205,0.8063553978036725,0.3781426182570037,1587,True,0.658454377721
gaussiano,0.2,0.7419774841298019,2.2834017251875665,0.9001845539437028,1587,True,0.8242504060741803
gaussiano,0.5,1.0223911478297252,3.302403995706601,3.226686116941927,1587,True,0.31685485069700253
acotado,0.01,0.019134505676877,0.055963286833061,0.0353954739990558,1587,True,0.540591875599333
acotado,0.05,0.1381766372800434,0.3172448255630317,0.1495251892408986,1587,True,0.9241027413610448
acotado,0.1,0.2360089543018779,0.6637758888524864,0.2951683890538823,1587,True,0.799573948478592
acotado,0.2,0.3915495288503505,1.1982949434113936,0.520681481894331,1587,True,0.7519943429250149
acotado,0.5,0.9226055670352928,3.117276219506929,1.3785854706008374,1587,True,0.6692407447419186
gaussiano,0.01,0.0467371891481958,0.1293670717460115,0.0519840638413056,513,True,0.8990676313970528
gaussiano,0.05,0.2254493855483339,0.5725721779273583,0.226553101596183,513,True,0.9951282236258394
gaussiano,0.1,0.427797689784489,0.925203735065174,0.4869388345335625,513,True,0.8785450234099224
gaussiano,0.2,0.8440600388536645,2.6827548186761456,0.8617914774607025,513,True,0.979424908378899
gaussiano,0.5,1.2653250842044947,3.5315507461307667,1.5230659845707413,513,True,0.830774961178791
acotado,0.01,0.0210600559115938,0.0587722785223288,0.0223646079235351,513,True,0.9416689075703192
acotado,0.05,0.1238237237592563,0.3031335470351253,0.1381468361722457,513,True,0.8963196493683654
acotado,0.1,0.2955092843555638,0.610599608007451,0.3591303595769957,513,True,0.8228468478789472
acotado,0.2,0.2013376799756563,0.6059599948651269,0.7512595096865311,513,True,0.2680001748792052
acotado,0.5,1.2118857370782758,2.0473922624053813,1.951762661649849,513,True,0.6209185988084504
gaussiano,0.01,0.0610978925438234,0.1447319880055412,0.0681381813381334,1505,True,0.8966763031233134
gaussiano,0.05,0.187748101309976,0.4913246702961533,0.2082735264817294,1505,True,0.9014496680472063
gaussiano,0.1,0.1605500646947555,0.3818184282744705,0.3883071754533311,1505,True,0.4134614934872644
gaussiano,0.2,1.2517235131661617,1.7344174700188777,1.3608081755344863,1505,True,0.9198383252470692
gaussiano,0.5,1.5830018199620914,4.199888131664531,3.342719009674876,1505,True,0.47356712166963133
acotado,0.01,0.024828545963455,0.0378539216870289,0.0324341974170704,1505,True,0.7655051748062532
acotado,0.05,0.158655548518726,0.2965805440796522,0.1764999161752631,1505,True,0.8988987188026889
acotado,0.1,0.3778979670541819,0.6217322081423119,0.3883663804680586,1505,True,0.9730450061067073
acotado,0.2,0.6646401689528738,1.0219331532842977,0.6752348497089937,1505,True,0.9843096357353506
acotado,0.5,0.5381174520209897,1.5174209173454316,0.9531440649182562,1505,True,0.5645709518918737
gaussiano,0.01,0.0498949650897631,0.0947828584641411,0.0500174263232717,1525,True,0.99755162865204
gaussiano,0.05,0.0775980126258861,0.283886349909532,0.1531309868733613,1525,True,0.5067427188336436
gaussiano,0.1,0.3483820046083264,0.9947188568196536,0.5503711308921138,1525,True,0.6329946922245415
gaussiano,0.2,0.944263178184934,1.952556359085418,1.3155481232236286,1525,True,0.7177716736588128
gaussiano,0.5,0.9284556976451714,1.9774570440608856,2.7453035609777494,1525,True,0.3381978265873442
acotado,0.01,0.0174051278393374,0.0504484062320167,0.026553210308119,1525,True,0.6554811127306723
acotado,0.05,0.0899334092212678,0.2687476248909058,0.1581755696522382,1525,True,0.5685670007005108
acotado,0.1,0.1484109839424453,0.3345451557916431,0.3151095224636023,1525,True,0.47098222479007434
acotado,0.2,0.4636418378979852,0.7107765287216625,0.57578034150669,1525,True,0.805240826188572
acotado,0.5,0.8570905274646288,1.781521017776274,1.4043807044431114,1525,True,0.6102978521087675
gaussiano,0.01,0.0436618680266431,0.101661567464438,0.0436618680266431,1568,True,1.0
gaussiano,0.05,0.2341493883289382,0.7176978171809483,0.23440753665838,1568,True,0.9988987200107904
gaussiano,0.1,0.2808560212504414,1.077880543099371,0.4227840454925018,1568,True,0.6643013714561338
gaussiano,0.2,1.0722692571462002,3.62558420879196,1.325044235721268,1568,True,0.8092328001129159
gaussiano,0.5,1.2454630699299123,6.193898325334866,2.160298126704921,1568,True,0.5765237003790785
acotado,0.01,0.0227261712582588,0.0698918014793049,0.0259390048419696,1568,True,0.876138903428076
acotado,0.05,0.1076418707073203,0.356344267661531,0.1285237428005548,1568,True,0.8375251790975359
acotado,0.1,0.2659889686905377,0.6190119847075816,0.3046056704671691,1568,True,0.8732239563452461
acotado,0.2,0.5272905511101817,1.527807220731895,0.5725736999965627,1568,True,0.9209129778635435
acotado,0.5,1.3944997839329747,3.863332018557141,1.4127082636769015,1568,True,0.9871109412947475
gaussiano,0.01,0.0337825724345819,0.1199125501249037,0.03759758201669,220,True,0.8985304538889077
gaussiano,0.05,0.2950620873665057,0.7849240782026999,0.3177546379031215,220,True,0.9285846756278208
gaussiano,0.1,0.2685919548278528,0.930555161568006,0.2788228474640253,220,True,0.9633068354002355
gaussiano,0.2,1.1827017124756738,3.427701359586836,1.890260902376922,220,True,0.625681730489414
gaussiano,0.5,0.9640372929072618,3.586577879150763,3.11346935587762,220,True,0.30963442472537855
acotado,0.01,0.0262570982861637,0.0787664197768406,0.033929921206028,220,True,0.7738626366600243
acotado,0.05,0.1319803140110593,0.4060341858524475,0.1371099688569116,220,True,0.9625872947925062
acotado,0.1,0.203207972663612,0.7260690349975677,0.2619342862679024,220,True,0.7757975313540053
acotado,0.2,0.5054111526558038,1.3984964133260818,0.5880396737961976,220,True,0.8594847850877642
acotado,0.5,1.5264714976686906,3.67883789264802,1.7417475359781074,220,True,0.876402271935166
gaussiano,0.01,0.0402863900325867,0.1510310267836426,0.0479811285790625,1010,True,0.8396298967041483
gaussiano,0.05,0.3092075529236151,0.6649788757537696,0.3092075529236151,1010,True,1.0
gaussiano,0.1,0.5050361435566204,1.5221373217259244,0.6812065360571085,1010,True,0.7413847589892782
gaussiano,0.2,0.5611481406656935,2.0514309652627465,0.7943761454156082,1010,True,0.7064010467888704
gaussiano,0.5,1.447505109374421,4.811868445924295,3.310628458801796,1010,True,0.43722970650059334
acotado,0.01,0.0290144367314209,0.0811022765925574,0.0315123427771188,1010,True,0.9207324551092522
acotado,0.05,0.0944964497820493,0.2714517730614657,0.1158343412861264,1010,True,0.815789589968232
acotado,0.1,0.1819627344991627,0.5191449078691491,0.2973006326967837,1010,True,0.6120496039601305
acotado,0.2,0.392338276381557,1.166032403865351,0.6715888061718547,1010,True,0.5841941866451545
acotado,0.5,0.8227777498478099,2.518695996782614,1.1543221896525688,1010,True,0.7127799822469426
gaussiano,0.01,0.0374015157260227,0.0816494394983946,0.0374015157260227,30,True,1.0
gaussiano,0.05,0.1977702872173598,0.3573288062817176,0.198255726433718,30,True,0.9975514492060814
gaussiano,0.1,0.345966014500169,0.4357999982492525,0.4335709877997595,30,True,0.797945490439388
gaussiano,0.2,1.2362217384386165,2.6490170823245167,1.456739938530006,30,True,0.8486221224126566
gaussiano,0.5,0.9107059665265004,1.744826897557616,2.5975457434095013,30,True,0.3506024749851453
acotado,0.01,0.0277593710720314,0.0432463682539521,0.0336166447554218,30,True,0.8257626920828938
acotado,0.05,0.0939984659055601,0.1854607762418298,0.1206407240964269,30,True,0.7791603259147225
acotado,0.1,0.1310736909021703,0.2812316652360804,0.3024223528618179,30,True,0.43341270796229864
acotado,0.2,0.3242740209104486,0.685279517586582,0.5944413764730325,30,True,0.5455105141476632
acotado,0.5,0.8944253384074532,1.7266628870152818,1.10493801186886,30,True,0.8094801054899434
gaussiano,0.01,0.0394574665309012,0.0801147947790505,0.0415853171694138,942,True,0.9488316842734665
gaussiano,0.05,0.2489389104065759,0.538326317289217,0.2808388507100436,942,True,0.8864119397198242
gaussiano,0.1,0.4827024128800343,1.230568557656002,0.6440871974958002,942,True,0.749436434626822
gaussiano,0.2,0.8025206339312811,1.9678741656439744,1.5702815992349324,942,True,0.5110679729815867
gaussiano,0.5,0.5657814093603029,2.011027844408821,3.260036190033992,942,True,0.17355065293137237
acotado,0.01,0.0235584657627186,0.0592132558641759,0.023861924579867,942,True,0.9872827182848262
acotado,0.05,0.0798249382472102,0.1587550992310231,0.1108853719692401,942,True,0.7198870042962371
acotado,0.1,0.3612444344352041,0.8633717884459124,0.3696953472483721,942,True,0.9771408732188062
acotado,0.2,0.3815390023782645,1.224838179497283,0.4403466726079421,942,True,0.8664514259154256
acotado,0.5,0.5586525140472043,1.4828279530336252,1.7883633446989786,942,True,0.3123819975974949
gaussiano,0.01,0.0274497163783209,0.0839734016301902,0.0279316679368628,481,True,0.982745335522701
gaussiano,0.05,0.2375486273749096,0.5454666335425089,0.2509836107332432,481,True,0.946470674642525
gaussiano,0.1,0.452207021465997,1.3734714204211147,0.6052646763396772,481,True,0.7471227698280817
gaussiano,0.2,0.4678569125504541,1.3106868947871773,1.0451220730117097,481,True,0.44765767045971877
gaussiano,0.5,2.2248023527587515,6.973171961374778,2.6000555284824145,481,True,0.8556749378569277
acotado,0.01,0.0242620071526076,0.0675506972117885,0.0277845168005228,481,True,0.8732204100145113
acotado,0.05,0.1110204555982397,0.3223688034414961,0.1224279308590312,481,True,0.9068229350872019
acotado,0.1,0.1893302506939189,0.5221092786837183,0.3269291589043135,481,True,0.5791170519278538
acotado,0.2,0.6759583835878553,1.0752011751671282,0.6765417562378382,481,True,0.9991377137558708
acotado,0.5,1.5440879593999322,2.93632984575839,1.5571017886259293,481,True,0.9916422745635137
gaussiano,0.01,0.0351139859020863,0.0916041024231263,0.051078464757254,135,True,0.6874518658491889
gaussiano,0.05,0.1178896707081325,0.273667656579551,0.2254960880814083,135,True,0.5228014007301631
gaussiano,0.1,0.4711753251467512,0.8962518157850164,0.4808932329326679,135,True,0.9797919639528857
gaussiano,0.2,0.8344458456644694,2.2919380726588034,1.1656388520210914,135,True,0.7158699662572424
gaussiano,0.5,1.2546982315554709,3.37260158892951,1.7360317479642116,135,True,0.7227392200786737
acotado,0.01,0.0169580183409427,0.0485945639936129,0.0230724147460321,135,True,0.734991050031253
acotado,0.05,0.097413632800219,0.2947216529551096,0.1412734731329148,135,True,0.6895394488430889
acotado,0.1,0.2580407296866656,0.5846255647932631,0.2622540023309399,135,True,0.9839343819090413
acotado,0.2,0.4565151542452473,1.1806672591441174,0.513881351828998,135,True,0.8883668430863003
acotado,0.5,0.7442064775631747,1.7321875644779472,1.378675356082803,135,True,0.5397982014255123
gaussiano,0.01,0.0506121327823664,0.080669181475668,0.0541253664579848,65,True,0.9350908103625392
gaussiano,0.05,0.2330648593532189,0.5093027547826019,0.233441126298779,65,True,0.9983881719921172
gaussiano,0.1,0.3465040321763051,0.9481265666740812,0.371922275366324,65,True,0.9316571099029138
gaussiano,0.2,0.9454724840570568,2.46952717747358,1.4199291400848104,65,True,0.6658589202561087
gaussiano,0.5,1.417482996608003,3.4478805733243583,2.962050963558672,65,True,0.47854780827437493
acotado,0.01,0.0283329502811606,0.0615082259964103,0.0322044142104569,65,True,0.8797846809447873
acotado,0.05,0.0645997170364227,0.1484335085218864,0.1828190350547074,65,True,0.35335334210188596
acotado,0.1,0.2448783595309107,0.4847652160955613,0.3055585857174687,65,True,0.8014121382186744
acotado,0.2,0.3639831160930917,0.9299901312694312,0.5142347783126566,65,True,0.7078150514973311
acotado,0.5,1.0855881054159449,2.189085767283419,1.8567730067676715,65,True,0.5846638773070977
gaussiano,0.01,0.0365672763362077,0.1200711316401859,0.0374625225637577,99,True,0.9761028845287615
gaussiano,0.05,0.1853464637205715,0.5917119090907297,0.205079926158489,99,True,0.9037767235069748
gaussiano,0.1,0.2611035377917825,0.8681075806920748,0.2694764392776929,99,True,0.9689290035583328
gaussiano,0.2,0.4572254971007549,1.8507635910550515,0.7679735544302377,99,True,0.595366200389507
gaussiano,0.5,1.412691943010481,4.642739911356223,2.753333947765268,99,True,0.5130841263033445
acotado,0.01,0.0238959987446536,0.0725652067513795,0.0345881151949373,99,True,0.6908731108930528
acotado,0.05,0.1400292838479224,0.4643086112944374,0.1406770321464598,99,True,0.9953954935737981
acotado,0.1,0.2861075082468867,0.7248697677284078,0.3073324267752451,99,True,0.9309382392510103
acotado,0.2,0.5086355204204394,1.5024906733658612,0.6499652082145446,99,True,0.7825580723276895
acotado,0.5,0.92288592068872,3.2352275400022656,1.5619926714187553,99,True,0.5908388288726504
gaussiano,0.01,0.0208441475010672,0.0651386647223938,0.0385176560733031,1547,True,0.5411582537992089
gaussiano,0.05,0.2404395092914457,0.7118045635161008,0.2834016394666725,1547,True,0.8484054987964208
gaussiano,0.1,0.4221436981359772,0.9403115846663124,0.5342544443812436,1547,True,0.790154770962908
gaussiano,0.2,1.0507373964879796,2.264670109656186,1.1118930206473825,1547,True,0.9449986437330131
gaussiano,0.5,1.8759122562670416,4.237164147682996,3.334801745388293,1547,True,0.562525870949074
acotado,0.01,0.0197973467858809,0.0455192196383213,0.0423318186581225,1547,True,0.4676705942111052
acotado,0.05,0.0940046273092609,0.2015200213425758,0.0963935382231819,1547,True,0.9752171052338601
acotado,0.1,0.1862585549443303,0.6057027710118525,0.2957726298505786,1547,True,0.6297356014260895
acotado,0.2,0.4316034822861816,1.2860029967903568,0.5473229622349942,1547,True,0.7885718525744436
acotado,0.5,1.0641612831888834,2.614628892970864,1.8846057885019656,1547,True,0.5646598825501663
gaussiano,0.01,0.0816851942892271,0.2067096131979588,0.0816851942892271,1311,True,1.0
gaussiano,0.05,0.261491523217864,0.6473482617293767,0.2631597733556505,1311,True,0.9936606947311362
gaussiano,0.1,0.5413143040929167,1.7726960148939097,0.5844813315406144,1311,True,0.9261447284656377
gaussiano,0.2,1.185607401607237,2.2047376797637237,1.311969944683696,1311,True,0.9036848796815053
gaussiano,0.5,1.3107147189435238,3.965728549219646,2.7894311462225367,1311,True,0.4698860270197029
acotado,0.01,0.0269458989822335,0.0799868565449195,0.0284158606971414,1311,True,0.9482696747927196
acotado,0.05,0.1216721698856067,0.4476586471108988,0.1701226917273386,1311,True,0.7152024732868371
acotado,0.1,0.2460775923586213,0.980220277378242,0.2664162047981693,1311,True,0.9236585009723562
acotado,0.2,0.520895527931228,1.5235952602556684,0.6125691745196542,1311,True,0.8503456419263798
acotado,0.5,1.0253931338358893,2.945284747265412,1.7087718680166797,1311,True,0.6000760856544486
gaussiano,0.01,0.0930148925346123,0.1718882385515411,0.0948091379912772,29,True,0.9810751843685155
gaussiano,0.05,0.1456721016431932,0.5309562045704666,0.2522357348032105,29,True,0.5775236476974358
gaussiano,0.1,0.3936331376615647,1.1200611414702102,0.4627748542380159,29,True,0.850593185988256
gaussiano,0.2,0.6929749851322331,1.3929218304022173,1.0743459485778049,29,True,0.6450203363726348
gaussiano,0.5,1.0737131419453814,2.626109267414374,2.055731216748424,29,True,0.5223022996380271
acotado,0.01,0.0216343336901081,0.0592386619725105,0.0313765151991762,29,True,0.6895072175088494
acotado,0.05,0.1008275145473911,0.3162699064403056,0.137243189552594,29,True,0.7346631543327126
acotado,0.1,0.3118027653889279,0.3855511488826895,0.4144449729498156,29,True,0.7523381528063162
acotado,0.2,0.6211516275741398,1.0561866668543043,0.6642767314851878,29,True,0.9350796108503919
acotado,0.5,1.63339648536141,2.59785364227297,1.7579076846678543,29,True,0.9291707975382281
gaussiano,0.01,0.0333561226209524,0.0895978767723346,0.0395649916193261,745,True,0.8430716463152015
gaussiano,0.05,0.2599730313766806,0.6672136815766219,0.286151532877914,745,True,0.9085152498120553
gaussiano,0.1,0.4829343224275485,1.1545101234863904,0.6327184595538902,745,True,0.7632688996746677
gaussiano,0.2,0.5015541139230109,1.5989530055063967,1.0133354465274658,745,True,0.494953685516237
gaussiano,0.5,0.9559694472812476,2.4828943956386977,2.046138143570621,745,True,0.46720669876816306
acotado,0.01,0.0355533647466417,0.0815450291774952,0.0371480684013734,745,True,0.9570716938091794
acotado,0.05,0.1307123732434152,0.2928313222666772,0.2055983190874539,745,True,0.6357657680450928
acotado,0.1,0.2581136581592445,0.6475529394422104,0.2902455313223755,745,True,0.8892941675389924
acotado,0.2,0.3859776924581949,1.4112709441389777,0.5192625001229676,745,True,0.7433190195070716
acotado,0.5,0.9400298606753384,3.231575533913524,1.3076624842396565,745,True,0.7188627585518912
gaussiano,0.01,0.0592895815980201,0.0968683997374659,0.0676194986497402,538,True,0.876811907540635
gaussiano,0.05,0.2739178547580359,0.5514440021365525,0.3278510375314487,538,True,0.83549485406695
gaussiano,0.1,0.4267811644687851,0.9040718398475542,0.535031514624968,538,True,0.7976748150395191
gaussiano,0.2,1.109843793283865,1.5753024595942364,1.1587366809530306,538,True,0.957805005681746
gaussiano,0.5,1.6877040001045485,3.383505996270075,2.1328356446699748,538,True,0.7912958526936548
acotado,0.01,0.0249054336679925,0.0399053660481096,0.026395017258789,538,True,0.9435657277208068
acotado,0.05,0.1100223891797802,0.2408716365414536,0.164782925836012,538,True,0.6676807601369563
acotado,0.1,0.14786628605968,0.3094479210726384,0.2819340582082037,538,True,0.524471172441618
acotado,0.2,0.3382483875339255,0.7711984556133638,0.4026332445088902,538,True,0.8400905592048222
acotado,0.5,1.0196946416745585,2.451112824991961,1.122429932573661,538,True,0.9084706422043316
gaussiano,0.01,0.054935193206845,0.1327128535854255,0.0666685631813539,168,True,0.8240044570543477
gaussiano,0.05,0.074806680551692,0.2387165618707829,0.1807853807704181,168,True,0.41378722235671284
gaussiano,0.1,0.1826888321199653,0.5187877006789934,0.2582656151792718,168,True,0.7073680017107742
gaussiano,0.2,0.5983842850145624,1.593296547590973,1.0585646275449585,168,True,0.5652789347423649
gaussiano,0.5,1.221253834489246,3.539532052100426,2.053035795308033,168,True,0.594852674892603
acotado,0.01,0.0390749837206285,0.060165229291395,0.0428630319789306,168,True,0.9116243512553167
acotado,0.05,0.0985051179684807,0.3472935328766702,0.1673654578565171,168,True,0.588563011926448
acotado,0.1,0.1584415708545314,0.4596840031287827,0.3476166341572036,168,True,0.4557939847690917
acotado,0.2,0.515427491319788,0.93696676888971,0.7709841165744171,168,True,0.668531919451077
acotado,0.5,0.8038414175363946,1.9474792595434305,1.153041547869997,168,True,0.697148701207969
gaussiano,0.01,0.0335323486203753,0.0777772566039253,0.0402039190864469,274,True,0.8340567134331776
gaussiano,0.05,0.1398983173516047,0.2742951577407755,0.2153355459097685,274,True,0.6496759128203847
gaussiano,0.1,0.1905664199355341,0.5848176910665106,0.6015047337274871,274,True,0.31681615995705625
gaussiano,0.2,0.9272819681268718,2.479238986962209,0.9360005123685748,274,True,0.9906853210799634
gaussiano,0.5,1.822328871448896,4.481925531893886,1.9957638651561196,274,True,0.9130984397827764
acotado,0.01,0.0279899372789955,0.050209193204159,0.0319238461923041,274,True,0.8767720878740184
acotado,0.05,0.0679164269140583,0.1327016058432083,0.1625756276595489,274,True,0.41775281997546837
acotado,0.1,0.1738503867630656,0.2438003183860796,0.3414447533857974,274,True,0.5091611015812932
acotado,0.2,0.848692356296948,1.5263888471937874,0.9557861695265756,274,True,0.8879521208361135
acotado,0.5,0.5985126668732543,1.7507878634716296,1.230331099536168,274,True,0.48646471433493976
gaussiano,0.01,0.0329077254411895,0.0630250275041355,0.0403403624673316,271,True,0.815751853192663
gaussiano,0.05,0.2423013541959484,0.5711169476491602,0.3189763581665197,271,True,0.7596216709874668
gaussiano,0.1,0.4225841943440187,0.8981935012627391,0.5239145440038704,271,True,0.8065899280339446
gaussiano,0.2,0.5225567782981357,1.1688194623315271,1.0071267072632009,271,True,0.5188590219379136
gaussiano,0.5,2.339173554373537,3.759466923947533,3.247585854141655,271,True,0.7202807437378084
acotado,0.01,0.0217328921851631,0.0543254519456273,0.0221252911013145,271,True,0.9822646891128096
acotado,0.05,0.108223586278676,0.2343172848161743,0.1178845185562087,271,True,0.9180474892220367
acotado,0.1,0.1516879701311504,0.2522573892772567,0.2920733126938635,271,True,0.5193489563702182
acotado,0.2,0.3022879596576935,0.7342519313756535,0.4530137276598176,271,True,0.6672821179597699
acotado,0.5,0.9610260339393076,2.0879025220544625,1.2437554743841557,271,True,0.772680847427151
gaussiano,0.01,0.0385054014670294,0.128397753397878,0.0510225633786962,1502,True,0.7546739896472318
gaussiano,0.05,0.1121040810594851,0.4741418010371317,0.2538708661992079,1502,True,0.441579149028936
gaussiano,0.1,0.3774479308812561,1.006234996092681,0.5617530318121063,1502,True,0.6719108033359114
gaussiano,0.2,0.9109035419379948,2.50945668076371,1.0759988851670816,1502,True,0.8465655071720165
gaussiano,0.5,1.7286419710694565,5.487075859500004,3.990023078478144,1502,True,0.4332410958707505
acotado,0.01,0.0299214344976994,0.0692750705967004,0.0311158828265801,1502,True,0.9616129056810702
acotado,0.05,0.1432405116785149,0.261053924368816,0.1704329874432484,1502,True,0.8404506300531276
acotado,0.1,0.2194165772344086,0.4970184785116889,0.2551802948739454,1502,True,0.8598492189328198
acotado,0.2,0.5208501878152634,1.005724497560885,0.7147681078415138,1502,True,0.7286981359425062
acotado,0.5,0.7320446951700679,1.8998776317727744,2.13353773342425,1502,True,0.3431130763247215
gaussiano,0.01,0.0183329627304569,0.0599500306217339,0.0420931905209949,1355,True,0.43553274302913514
gaussiano,0.05,0.226254163828703,0.5800204535642803,0.2603886705982927,1355,True,0.8689094011227173
gaussiano,0.1,0.2049103425784357,0.7302780849116981,0.3719974235580934,1355,True,0.550838069303014
gaussiano,0.2,0.7932929207235464,2.076859749878959,0.9751503864951788,1355,True,0.8135082872445423
gaussiano,0.5,2.602757827035972,5.966323264663461,3.1878400594396474,1355,True,0.8164643703904895
acotado,0.01,0.025722029172984,0.0794928046532819,0.0258266224956312,1355,True,0.9959501741791869
acotado,0.05,0.1177417058787406,0.3170809691292693,0.1206674430156471,1355,True,0.9757537156354004
acotado,0.1,0.2169789375258336,0.4913642818117734,0.3567040521725122,1355,True,0.6082884009988662
acotado,0.2,0.4988864455088162,1.053739125008642,0.6008909567047791,1355,True,0.8302445559251805
acotado,0.5,0.8571057863105012,1.9736842108994943,1.1060826420652738,1355,True,0.7749021218795334
gaussiano,0.01,0.0315012385366616,0.103695439078123,0.0411926241439981,1425,True,0.7647300746498188
gaussiano,0.05,0.2466698404688738,0.7967901338312716,0.335557708329205,1425,True,0.7351040800018632
gaussiano,0.1,0.400161370445514,0.9650828909022994,0.763721018207522,1425,True,0.5239627572182126
gaussiano,0.2,0.9069313917710532,2.1741795001692954,0.986271345978596,1425,True,0.9195556531870849
gaussiano,0.5,1.9191736000540205,3.438259919294973,2.903714928850575,1425,True,0.6609373327200954
acotado,0.01,0.0160199181349449,0.0411302029765008,0.0194992697680568,1425,True,0.8215650291267993
acotado,0.05,0.1167657549879911,0.3507990778874664,0.154250349657645,1425,True,0.7569885919036808
acotado,0.1,0.2149530055604842,0.5940397793388329,0.2360177432903913,1425,True,0.9107493469082556
acotado,0.2,0.4435724225940167,1.393762078921455,0.6899425686356523,1425,True,0.6429120955258237
acotado,0.5,0.9721867131882472,2.580674101859333,1.2086810926530278,1425,True,0.8043368255677097
gaussiano,0.01,0.0247341293222489,0.0548583154902654,0.0319654253536085,486,True,0.7737775752593489
gaussiano,0.05,0.1347330290271085,0.5570923794605217,0.182956299820741,486,True,0.7364219169228867
gaussiano,0.1,0.2972700943805311,0.6569817854893948,0.6281269597228951,486,True,0.4732643453350179
gaussiano,0.2,0.7879512902630459,2.344948058151047,0.898365111057168,486,True,0.8770947141255402
gaussiano,0.5,1.038477438624919,2.591905422780662,1.1659091226101577,486,True,0.8907018724581609
acotado,0.01,0.0329599143159874,0.088602173515519,0.0338181922366121,486,True,0.9746208219936867
acotado,0.05,0.1002876516149031,0.2267778209162744,0.1156437033836235,486,True,0.8672123832131184
acotado,0.1,0.2099827047870519,0.6355612978230736,0.2509876844241963,486,True,0.8366255311243019
acotado,0.2,1.8664362951120927,1.1713273416945036,0.5661693974161066,486,False,3.29660399101429
acotado,0.5,1.56460113327124,3.573899662780628,1.6162889904335485,486,True,0.9680206587632303
gaussiano,0.01,0.0437216074998141,0.1020877038062704,0.0620317640538932,251,True,0.7048261187901858
gaussiano,0.05,0.1367526833643289,0.3205692714748196,0.1661149816453313,251,True,0.8232411189516111
gaussiano,0.1,0.4057738197618372,0.8327673028470179,0.4378864743673132,251,True,0.9266644290580693
gaussiano,0.2,0.5083428353353256,1.203759025369643,0.7421876526880904,251,True,0.6849249424915458
gaussiano,0.5,1.825616423933789,3.576938239768418,3.0631113179500984,251,True,0.5960006785373807
acotado,0.01,0.0243245239238084,0.0557046660313819,0.0252356894229831,251,True,0.9638937742535035
acotado,0.05,0.0700746209884439,0.1660691218808099,0.1376300486287627,251,True,0.5091520470029051
acotado,0.1,0.2719118091886283,0.5648267130101028,0.2719118091886283,251,True,1.0
acotado,0.2,0.5095451980701171,1.0793500311653252,0.644321283917942,251,True,0.790824718643022
acotado,0.5,1.0032765214322756,1.942902959428208,1.6829534321522353,251,True,0.5961403935872671
gaussiano,0.01,0.0578516154738295,0.1339925720535892,0.0687204514122026,247,True,0.841839864043106
gaussiano,0.05,0.2126954918817643,0.4356771756634785,0.3511433982985055,247,True,0.6057225991216066
gaussiano,0.1,0.240114895129335,0.5679175523052992,0.517031991389332,247,True,0.4644101315357975
gaussiano,0.2,0.4600995360201183,1.3481512202339412,0.9079837167243728,247,True,0.5067266378740424
gaussiano,0.5,1.424390179577231,4.488530756112724,2.5440635055442296,247,True,0.5598878237406748
acotado,0.01,0.0179301348874156,0.0498970662030404,0.0186276832982166,247,True,0.9625531312920816
acotado,0.05,0.0786212560295878,0.1713954817251369,0.1813546153675225,247,True,0.4335222231331617
acotado,0.1,0.2110132346559352,0.5969648030638247,0.3424567320389058,247,True,0.6161748767489915
acotado,0.2,0.3204686040177007,0.990627244171936,0.4527648982351693,247,True,0.7078035538241904
acotado,0.5,0.7547265715185238,1.7320972373310193,2.0731633172330017,247,True,0.364045883527323
gaussiano,0.01,0.030856740195734,0.0930020618040086,0.0314979262981358,1209,True,0.9796435455358928
gaussiano,0.05,0.1147751040799505,0.3239139087581351,0.1579192137096372,1209,True,0.7267963244231009
gaussiano,0.1,0.298303036308287,0.669756468478434,0.8674845694912032,1209,True,0.3438712880890176
gaussiano,0.2,1.2660700959181952,3.1136100532456665,1.2768953525672089,1209,True,0.9915222053026903
gaussiano,0.5,1.386527126077643,3.411208224626479,2.5323075525178904,1209,True,0.5475350435609647
acotado,0.01,0.0385975483043585,0.0590653501051834,0.0402140677164788,1209,True,0.9598021412925137
acotado,0.05,0.1246351600429536,0.2047307446658756,0.1595730705500539,1209,True,0.781053843316619
acotado,0.1,0.3332606043034807,0.8427772019692499,0.3332606043034807,1209,True,1.0
acotado,0.2,0.3706806514134102,1.0810551634847745,0.6302861651605083,1209,True,0.588114846720478
acotado,0.5,1.303683471220647,3.141577136746781,1.6617628180444273,1209,True,0.784518378353675
gaussiano,0.01,0.0619642715975925,0.1175810599292666,0.0681344510423946,1487,True,0.909441121922845
gaussiano,0.05,0.208538559548878,0.5955906564328993,0.227718802629727,1487,True,0.9157722469143831
gaussiano,0.1,0.3289464601365759,0.6902866607993678,0.5826596773015598,1487,True,0.5645601934563378
gaussiano,0.2,0.6738991162078034,1.692884443927409,1.232320693639738,1487,True,0.5468536880748138
gaussiano,0.5,1.875094504368815,3.0612707991332555,2.341035599926875,1487,True,0.8009679581239114
acotado,0.01,0.0344701786666961,0.0791605338781259,0.0353221179848176,1487,True,0.9758808540731422
acotado,0.05,0.0842554646015445,0.1908255309727402,0.1167412708373278,1487,True,0.7217281771666646
acotado,0.1,0.3284223225316621,0.570410051116388,0.4187345802481103,1487,True,0.7843209947863966
acotado,0.2,0.5574231439193478,1.253031314870213,0.6382547785646379,1487,True,0.8733552221464426
acotado,0.5,0.6247189647805333,1.494052858306952,1.824274789946954,1487,True,0.34244784186197014
gaussiano,0.01,0.0253651118387741,0.0424701073185581,0.0272149538885537,937,True,0.9320284701802262
gaussiano,0.05,0.0935074179419692,0.1908237690700084,0.1459823368797507,937,True,0.6405392593419956
gaussiano,0.1,0.1439107239281012,0.3851827013856512,0.659476786774214,937,True,0.21821954436338958
gaussiano,0.2,0.8459714322481584,2.519841149758229,1.298680671383662,937,True,0.6514083491724177
gaussiano,0.5,1.535235550413803,2.559454862689061,1.9018832406585824,937,True,0.807218612369802
acotado,0.01,0.0308154920351935,0.0642943784104442,0.0315475141933507,937,True,0.9767962016382422
acotado,0.05,0.1453000441764091,0.2148670830630475,0.2207971774738255,937,True,0.6580702065072085
acotado,0.1,0.1586572323164468,0.3774130667987894,0.2775710842452588,937,True,0.571591355590408
acotado,0.2,0.2566728731870169,0.6417760760416038,0.4828978781622666,937,True,0.5315261979692691
acotado,0.5,0.6705873030808651,1.4995731426296757,1.8202617712416256,937,True,0.3684015748039626
gaussiano,0.01,0.0305109483291281,0.0822071769921066,0.0309423172244831,914,True,0.9860589337176829
gaussiano,0.05,0.1398411260797407,0.411526682532127,0.2372397751870618,914,True,0.5894505926313452
gaussiano,0.1,0.4344496946452345,1.1468881195260712,0.5814574187191281,914,True,0.7471737063777916
gaussiano,0.2,0.9368921087782184,2.605208405806348,1.4142883846469043,914,True,0.6624477150126109
gaussiano,0.5,1.553035785070735,3.881451953450519,1.8828961185166808,914,True,0.8248122505527256
acotado,0.01,0.0260688231114215,0.0591504008766999,0.0264053947559659,914,True,0.9872536787404643
acotado,0.05,0.1676136872698631,0.4513893880380715,0.168552361680243,914,True,0.9944309625743444
acotado,0.1,0.2128443117588943,0.6743862216303312,0.3109593588487519,914,True,0.6844763011696973
acotado,0.2,0.4428335460608286,1.0099596778605042,0.4842201058272009,914,True,0.9145294479342798
acotado,0.5,0.7061095726125888,2.622412010666019,1.444220875546102,914,True,0.48892076313852495
gaussiano,0.01,0.0350239051089032,0.0721345225689417,0.0367188502161184,394,True,0.9538399188090271
gaussiano,0.05,0.0908288373767735,0.3741725537466882,0.3430691891092082,394,True,0.26475370059495557
gaussiano,0.1,0.639462802682097,1.4646290708631555,0.6726426302162944,394,True,0.9506724283539267
gaussiano,0.2,0.4791453811639302,1.1284728365121726,1.096957926664461,394,True,0.4367946750892041
gaussiano,0.5,1.0479972149849015,2.815117214745287,2.5814906575039105,394,True,0.4059659142823429
acotado,0.01,0.0319185764138051,0.0710266363852448,0.0360213070628676,394,True,0.8861026713466545
acotado,0.05,0.1027216633682428,0.3108037902544202,0.1156239922657225,394,True,0.8884113180608046
acotado,0.1,0.3176073733121516,0.6826404710982958,0.3198672066416028,394,True,0.9929350890540548
acotado,0.2,0.5070210167279474,0.9574530570856816,0.5994671489633117,394,True,0.8457861579316966
acotado,0.5,1.0079218410237027,2.615084417715897,1.440186226808389,394,True,0.6998552147366167
gaussiano,0.01,0.0236573288582302,0.0776207784675755,0.0795873823820931,23,True,0.2972497417323405
gaussiano,0.05,0.1495330884906676,0.4474987386849722,0.236880436058855,23,True,0.6312597653844018
gaussiano,0.1,0.2885769778282565,0.8281279726494948,0.4850477465080609,23,True,0.5949455077479897
gaussiano,0.2,0.4612202416674165,1.2390528087527195,0.688818275909552,23,True,0.6695818879927321
gaussiano,0.5,0.9053868596957692,2.14374197309328,2.6368044954860914,23,True,0.3433651835946458
acotado,0.01,0.0289077411541831,0.0627997941514657,0.0310555892233429,23,True,0.9308385986911054
acotado,0.05,0.110687765572444,0.2441700736841137,0.1325147229368748,23,True,0.835286548689172
acotado,0.1,0.2188141431880352,0.5048149284941461,0.2826185741586551,23,True,0.7742383664606499
acotado,0.2,0.3416830842509926,0.9774514899158032,0.4986741347888297,23,True,0.6851830893448743
acotado,0.5,1.1579555909136243,2.933161102011872,1.5735816350959984,23,True,0.7358725884234038
gaussiano,0.01,0.0310854271024316,0.0904666474391722,0.0461713490603508,589,True,0.6732622662118813
gaussiano,0.05,0.1076506984474412,0.2977245190998254,0.1599718629546239,589,True,0.672935205349058
gaussiano,0.1,0.3332353849248388,0.8600155061838042,0.5765639885005742,589,True,0.5779677391774997
gaussiano,0.2,0.5246398848632463,1.354793831186033,1.038205530498558,589,True,0.5053333559216433
gaussiano,0.5,1.130573204218455,2.49311251120122,1.6516550381487645,589,True,0.6845092819658293
acotado,0.01,0.0206770878973094,0.0514767582838259,0.0347593825055754,589,True,0.5948634989126403
acotado,0.05,0.0982424543720588,0.2657791561605152,0.1335144838420618,589,True,0.7358187032971845
acotado,0.1,0.2372738209593592,0.6590434932278679,0.2859375325148419,589,True,0.8298099898691798
acotado,0.2,0.5304637242372574,0.995924558233852,0.6147895981702693,589,True,0.86283783235113
acotado,0.5,0.8963379859782088,2.677314796060421,0.998555341902562,589,True,0.8976347613046693
gaussiano,0.01,0.0438755682611038,0.1030332177928657,0.0550601416424816,32,True,0.7968662439337361
gaussiano,0.05,0.262276715767531,0.5506521021590445,0.353267318008053,32,True,0.7424313045611317
gaussiano,0.1,0.3475226415060206,0.9791470507713036,0.6182060838095558,32,True,0.5621469128296029
gaussiano,0.2,1.1315990517898715,1.814446984044899,1.4784211464270796,32,True,0.7654104884285661
gaussiano,0.5,1.5362231830731394,3.5614767532796385,3.5829632714400432,32,True,0.4287577255726961
acotado,0.01,0.0294346138684091,0.0767073257523567,0.0312660666471287,32,True,0.9414236271101983
acotado,0.05,0.0660448252318866,0.1532074732913422,0.1319785106180919,32,True,0.5004210528106462
acotado,0.1,0.1464381240471137,0.4615819233741762,0.1597107125952972,32,True,0.9168960658148467
acotado,0.2,0.236108828231627,0.6231526609329865,0.8923133719460581,32,True,0.26460303706610844
acotado,0.5,0.6429446548658073,1.904233810270218,1.1353610897924051,32,True,0.5662909013231785
gaussiano,0.01,0.0405810716366525,0.0971888109481846,0.0411887141033897,483,True,0.9852473552533849
gaussiano,0.05,0.1696967155004767,0.5014481776837435,0.2993241924197024,483,True,0.5669328433785054
gaussiano,0.1,0.4052632691153475,1.0649426235746322,0.5875165046848948,483,True,0.6897904414322863
gaussiano,0.2,0.7457442797357317,1.7745829410594378,1.1059646144933568,483,True,0.6742930740847958
gaussiano,0.5,1.444608383010331,3.3936994419273696,2.058333114706313,483,True,0.7018341067774398
acotado,0.01,0.0374764699040226,0.0706367499520919,0.0441734340366886,483,True,0.8483938530315803
acotado,0.05,0.0782643855961495,0.2663667216320425,0.1128397776705183,483,True,0.6935886192958857
acotado,0.1,0.2455829965920339,0.5902162105769219,0.3005720002804066,483,True,0.8170521417927388
acotado,0.2,0.4400782651409622,1.0828699132858313,0.607729489545326,483,True,0.724135117205202
acotado,0.5,1.3043721494039635,3.349108658450254,1.6877640419757576,483,True,0.772840347917958
gaussiano,0.01,0.0321093747723439,0.0833968611693235,0.0387606696980498,69,True,0.8284009286340954
gaussiano,0.05,0.1723353692805109,0.5116590445671839,0.1803052249578818,69,True,0.9557979771288792
gaussiano,0.1,0.3723199737450144,1.0125046740034698,0.5321993097003346,69,True,0.6995874796505402
gaussiano,0.2,0.7847403606038084,2.3433121514601303,1.3383604589888718,69,True,0.586344549656434
gaussiano,0.5,1.4620585129805217,3.100885949677025,2.3284151973480407,69,True,0.6279200181504313
acotado,0.01,0.0202564543407818,0.0443528545534336,0.0210655887888543,69,True,0.9615897539735224
acotado,0.05,0.18971059646036,0.4024883571550301,0.1922749222549624,69,True,0.9866632332260054
acotado,0.1,0.2528916841404256,0.469465542722521,0.2576797317321684,69,True,0.9814186099948309
acotado,0.2,0.3727092505455227,1.1051753454014297,0.645855140273317,69,True,0.5770787089931609
acotado,0.5,1.3523352463616058,3.835399362258345,1.4771385464427809,69,True,0.9155100918720698
gaussiano,0.01,0.0641367473355166,0.1588768223599529,0.0661556858427672,506,True,0.9694820107821265
gaussiano,0.05,0.2261670503922288,0.5281191934362716,0.231990387965264,506,True,0.9748983670223996
gaussiano,0.1,0.4338893231381586,1.0716513447127405,0.7306852963985274,506,True,0.5938114880328842
gaussiano,0.2,0.4622455574981607,1.516560679720901,0.8518458179786672,506,True,0.5426399328871704
gaussiano,0.5,1.6177938928681823,6.306040595067766,3.011235888335257,506,True,0.537252461401345
acotado,0.01,0.0190205636826783,0.0525970899465392,0.0202804095146973,506,True,0.9378786788745077
acotado,0.05,0.1568566627390861,0.3801772081926632,0.1579124676986647,506,True,0.9933139860647777
acotado,0.1,0.3261740970109428,0.8029592246292294,0.3300201725703932,506,True,0.9883459379785943
acotado,0.2,0.5167735887079647,1.5384907687581806,0.6743065968122406,506,True,0.7663777740733855
acotado,0.5,0.906304670381788,2.331095612570648,1.4232070879687937,506,True,0.6368044946117218
gaussiano,0.01,0.0299381139443117,0.0780587831700219,0.077633759520072,596,True,0.3856326697223942
gaussiano,0.05,0.2636667600011695,0.7187088654432356,0.2713225028883825,596,True,0.971783605098312
gaussiano,0.1,0.2157852042704487,0.6576475007333802,0.6365384663369076,596,True,0.3389979014343459
gaussiano,0.2,0.9293742707636858,1.4919715540920837,1.3837225104036257,596,True,0.671647865649444
gaussiano,0.5,1.294265251479215,3.6648547994651057,1.461935501572551,596,True,0.8853094066646722
acotado,0.01,0.0167522973973248,0.0558208603625955,0.0313784765692979,596,True,0.5338786081704169
acotado,0.05,0.1841587497556378,0.3631731241483851,0.184660222393307,596,True,0.9972843494328675
acotado,0.1,0.253922063535559,0.6441814105158769,0.2601123541223503,596,True,0.9762014741372895
acotado,0.2,0.4604189568753511,1.0484939403263018,0.471136589877922,596,True,0.97725153759476
acotado,0.5,0.8248683341844341,1.6907448561690586,1.5797247870457074,596,True,0.5221595185114782
gaussiano,0.01,0.0390878301059398,0.1239947452920848,0.0702905927538042,422,True,0.5560890664679212
gaussiano,0.05,0.1251429674742582,0.3345009011456153,0.1383321374809338,422,True,0.9046557781376476
gaussiano,0.1,0.4180002884707062,1.0351223086295644,0.4180002884707062,422,True,1.0
gaussiano,0.2,0.4997030538679747,1.4591078964979705,0.7794257775297722,422,True,0.6411169200121654
gaussiano,0.5,1.941915322835724,6.94957568741096,4.173249990744374,422,True,0.4653244658581665
acotado,0.01,0.0194068324138534,0.0534994653652369,0.0334435051733725,422,True,0.5802870337079676
acotado,0.05,0.1409353382731726,0.3547301207444437,0.1471620881009923,422,True,0.9576878127500712
acotado,0.1,0.2826180870667382,0.8569563869057257,0.3376936653520285,422,True,0.8369066881136878
acotado,0.2,0.5257913637742821,1.3377396420067993,0.6416467918703259,422,True,0.819440493486551
acotado,0.5,1.5157453914775854,3.230376542508281,1.5288231104640555,422,True,0.9914458913546247
gaussiano,0.01,0.0427294419666935,0.1080855725829171,0.0637823936747436,1212,True,0.6699253431062968
gaussiano,0.05,0.1841286252701025,0.2582054942184839,0.2168825087052517,1212,True,0.848978676838977
gaussiano,0.1,0.4906318929514264,1.168706349661547,0.5252444919060139,1212,True,0.9341019287437269
gaussiano,0.2,0.5131540465071962,1.129127198109081,0.969983685051773,1212,True,0.5290336883138468
gaussiano,0.5,1.0445017252008824,2.5111797524070587,2.880798224331492,1212,True,0.36257371876271055
acotado,0.01,0.0033027994796988,0.0078012471883354,0.0244315655038167,1212,True,0.13518574891088483
acotado,0.05,0.1514892533438626,0.3162475524985998,0.1755976134370613,1212,True,0.8627067895667059
acotado,0.1,0.2139764353481542,0.4629497309490071,0.2149985810463041,1212,True,0.9952458025854144
acotado,0.2,0.2812990421225333,0.4489870689709971,0.4259556241075373,1212,True,0.6603951825073595
acotado,0.5,1.1290261365111394,2.308201046876924,1.3400208232216502,1212,True,0.8425437254002951
gaussiano,0.01,0.0321841073242197,0.0800967010404649,0.0450794492879742,415,True,0.7139418922050901
gaussiano,0.05,0.137655317424743,0.3658585392795879,0.193620587609797,415,True,0.7109539286295286
gaussiano,0.1,0.2837141012280169,0.7986487876471222,0.4322411229296774,415,True,0.6563792433839646
gaussiano,0.2,0.4063357515219225,1.0501140426883762,0.4160518774104618,415,True,0.9766468404156394
gaussiano,0.5,2.1282476341184307,2.984617526758917,2.1717928313028114,415,True,0.9799496542410728
acotado,0.01,0.0333392143481983,0.0776644110531097,0.0334960454932313,415,True,0.995317920586635
acotado,0.05,0.1136443766157223,0.2278611110100218,0.1281027049670576,415,True,0.8871348707659736
acotado,0.1,0.164579804578687,0.4236693958179118,0.2228851440928769,415,True,0.7384063448845478
acotado,0.2,0.6180000187325234,1.1094574236356054,0.8118979875447199,415,True,0.7611793947185804
acotado,0.5,0.7821246063648453,1.9830510689824623,1.324517091503614,415,True,0.5904979342146234
gaussiano,0.01,0.0465480000981308,0.0744138935346425,0.0474554398533459,692,True,0.9808780667080652
gaussiano,0.05,0.2617143368374828,0.4298615308802958,0.2945926356187693,692,True,0.8883940234546999
gaussiano,0.1,0.3939616103203374,0.7776944231464834,0.4474078158545094,692,True,0.8805425304605051
gaussiano,0.2,0.4182365719187224,0.7982962597674979,0.6774925573580441,692,True,0.6173301350345181
gaussiano,0.5,1.4181390153790607,2.108312785383656,1.724639964886174,692,True,0.8222811973817722
acotado,0.01,0.0315480478231711,0.0576892496155974,0.0405194142510305,692,True,0.7785909151529447
acotado,0.05,0.1174196308744575,0.2406236146049087,0.1480403611459868,692,True,0.7931595813838004
acotado,0.1,0.309094665452327,0.6245870848770964,0.4077267190717357,692,True,0.7580927395585882
acotado,0.2,0.2918455339419772,0.6188498787762682,0.8452694185709237,692,True,0.34526924496498795
acotado,0.5,1.1783469192402265,1.8872188466765936,1.329376867091583,692,True,0.8863904197597626
gaussiano,0.01,0.0606355908142206,0.0885285025412742,0.0662217336314732,1290,True,0.9156448719941443
gaussiano,0.05,0.232047418643563,0.330687982824422,0.2345018823530971,1290,True,0.9895332878145586
gaussiano,0.1,0.3714040357001102,0.663385871753889,0.5155829141473596,1290,True,0.7203575322396324
gaussiano,0.2,1.1741973197455562,2.3652490099460723,1.2809550744117306,1290,True,0.9166576901885477
gaussiano,0.5,1.4063920290046914,3.8225757738031167,2.9938704356340398,1290,True,0.46975714522089757
acotado,0.01,0.0207193619633998,0.0454951939080441,0.0395188228274634,1290,True,0.5242909702512947
acotado,0.05,0.0934793514857645,0.2067263562288968,0.1378332904166948,1290,True,0.6782059051420716
acotado,0.1,0.2257680095285299,0.4645028615499456,0.2553992963308729,1290,True,0.8839805464304988
acotado,0.2,0.3522803786838828,0.859096048267944,0.6749295590102448,1290,True,0.5219513265954552
acotado,0.5,1.0199471388708767,1.960548124760471,1.462439848739566,1290,True,0.6974284376550183
gaussiano,0.01,0.0668527844237032,0.1538491512280095,0.0677753302018171,802,True,0.9863881773004011
gaussiano,0.05,0.2313820345103518,0.6075974130907249,0.2602773379951069,802,True,0.888982637876455
gaussiano,0.1,0.3760122577787119,0.8905575795093652,0.4704371399363043,802,True,0.7992826795724988
gaussiano,0.2,0.9168968839314052,2.5563925590319387,1.008437592545068,802,True,0.9092252120603371
gaussiano,0.5,2.317255662688805,7.1149932895409,2.575362035769311,802,True,0.8997786060772598
acotado,0.01,0.0172621690071981,0.0536052530505923,0.0204901652883044,802,True,0.8424611887855873
acotado,0.05,0.1990294814289348,0.4455379452706753,0.2039293248327678,802,True,0.9759728356485704
acotado,0.1,0.2428636723705466,0.5465380687584007,0.2494512482584721,802,True,0.9735917301119308
acotado,0.2,0.445832746503596,0.9354744963499442,0.4479785051542615,802,True,0.9952101303388952
acotado,0.5,1.5135172740024094,3.835251764451443,1.6012383894303064,802,True,0.9452167047661737
gaussiano,0.01,0.0562681168726502,0.1580731557807875,0.0616916828883302,184,True,0.9120859447861498
gaussiano,0.05,0.20685020820201,0.5513097321937848,0.2336534132621919,184,True,0.885286481862326
gaussiano,0.1,0.3435948763820868,0.8935700392350088,0.520834783048421,184,True,0.6597003264087749
gaussiano,0.2,0.9274167057899024,2.19884405790956,1.2386757699912263,184,True,0.7487162728600653
gaussiano,0.5,1.2116646314520696,3.3071222476228868,2.000017952851444,184,True,0.6058268775660679
acotado,0.01,0.016126500876882,0.0364321503831497,0.0184516090517169,184,True,0.8739888663195717
acotado,0.05,0.1455983351010197,0.3264117081763237,0.154917360974,184,True,0.939845180589254
acotado,0.1,0.2778210482532444,0.7880224247207701,0.3366421700871154,184,True,0.8252710828870624
acotado,0.2,0.5256451046765129,1.210535917449964,0.555457677223426,184,True,0.946327913413786
acotado,0.5,1.140522726468124,3.286652216661583,1.6744097046337338,184,True,0.6811491377002057
gaussiano,0.01,0.0432555289755868,0.1262609816959082,0.0459984317757349,1054,True,0.9403696453496261
gaussiano,0.05,0.2746202885717347,0.5389128495247496,0.2836037631700624,1054,True,0.96832385262483
gaussiano,0.1,0.2708993636944097,0.7255677101643324,0.3435266860351569,1054,True,0.7885831718665535
gaussiano,0.2,0.7311751867340797,1.884242997962372,1.0574848960262415,1054,True,0.691428491774823
gaussiano,0.5,1.5258869890627853,4.729792448599875,3.0887700997715086,1054,True,0.49401118884686906
acotado,0.01,0.0305231528973065,0.0652367451189301,0.030669662242724,1054,True,0.9952229879723485
acotado,0.05,0.1255438960039437,0.386894958574404,0.1333562261781495,1054,True,0.9414175820799745
acotado,0.1,0.1680944937537538,0.4901413886322958,0.3022365284319457,1054,True,0.5561686888936175
acotado,0.2,0.3632454096692039,1.1612775113555458,0.8083549720013522,1054,True,0.4493637353029063
acotado,0.5,1.3279002602201873,3.0556182253719717,1.591025299546028,1054,True,0.8346191984496294
gaussiano,0.01,0.0425885178487049,0.0980077243760254,0.0557192449772721,859,True,0.7643412588608617
gaussiano,0.05,0.1266955854881095,0.4289790917937168,0.1503998353467011,859,True,0.8423917831828163
gaussiano,0.1,0.2456264593736492,0.7783744967642685,0.4087198020891147,859,True,0.6009654000568692
gaussiano,0.2,0.4686048116246926,1.2609356583667868,1.1732916863566358,859,True,0.39939327711408895
gaussiano,0.5,0.9877695874253192,2.016411932753719,3.2375692095474635,859,True,0.30509605308588483
acotado,0.01,0.0318402353217255,0.0733930133925403,0.0321606841799435,859,True,0.9900360061861544
acotado,0.05,0.1571863885347189,0.3751315033736793,0.1672296349085329,859,True,0.9399433815704542
acotado,0.1,0.1634514116894957,0.5260789688713338,0.2684084219663296,859,True,0.6089652869014662
acotado,0.2,0.3668422803921545,1.0846898257792357,0.6744658006170176,859,True,0.5439004914060258
acotado,0.5,0.8227360699169468,3.0689302398270586,1.7477865920332518,859,True,0.4707302788951102
gaussiano,0.01,0.021211894491615,0.021211894491615,0.0481332059249615,1388,True,0.44069149527841195
gaussiano,0.05,0.0543234784195223,0.0543234784195223,0.2596588049209589,1388,True,0.209211000705555
gaussiano,0.1,0.240372404226842,0.240372404226842,0.6100948556350108,1388,True,0.3939918555396651
gaussiano,0.2,0.6625285531156146,0.6625285531156146,1.2423313592192136,1388,True,0.5332945580090676
gaussiano,0.5,1.1289785708025284,2.7012527223675,3.29388251101403,1388,True,0.3427501032679424
acotado,0.01,0.0135796862831893,0.0135796862831893,0.0261418297825306,1388,True,0.5194619655990564
acotado,0.05,0.109040326075954,0.109040326075954,0.1763802722538074,1388,True,0.6182115759468119
acotado,0.1,0.0353014920935677,0.0353014920935677,0.2494256581779206,1388,True,0.14153111733351184
acotado,0.2,0.2690843612627973,0.2690843612627973,0.9142103223445874,1388,True,0.2943352910003274
acotado,0.5,0.3728052598855477,0.5355706377388191,1.2279732376129442,1388,True,0.3035939615510216
gaussiano,0.01,0.0369673080640611,0.0700318578376584,0.038709850127498,1284,True,0.9549845308701139
gaussiano,0.05,0.228449015870285,0.6073033381546787,0.2842800178660004,1284,True,0.803605605435018
gaussiano,0.1,0.3537823058912758,0.8584791577620916,0.4873378237584912,1284,True,0.7259487949504999
gaussiano,0.2,0.6570320503681308,1.60934463446047,0.8771452306125365,1284,True,0.749057313928853
gaussiano,0.5,1.606569027907415,3.4361865992731566,2.352748044534221,1284,True,0.6828478857477793
acotado,0.01,0.0238398047957226,0.0359770843656082,0.0260905269080877,1284,True,0.9137341257884904
acotado,0.05,0.1572018418641594,0.2561389680663687,0.2086714378667475,1284,True,0.7533462340185947
acotado,0.1,0.2100264152542243,0.4389016210045232,0.341345106181657,1284,True,0.6152905415976654
acotado,0.2,0.4245091585819365,0.8726051273658115,0.5520317198589084,1284,True,0.7689941416598943
acotado,0.5,0.7489065625971407,1.6237635962627763,1.431051653213161,1284,True,0.523326017558912
gaussiano,0.01,0.0329973487668916,0.0706371165209424,0.034750604355524,846,True,0.9495474792122948
gaussiano,0.05,0.1987023631526459,0.422901418696162,0.2980846155605422,846,True,0.6665971767076607
gaussiano,0.1,0.4624542516074478,1.1039453217697557,0.6945190253329847,846,True,0.6658626110144725
gaussiano,0.2,0.6120945614969961,1.9348796201357403,0.7343561135571728,846,True,0.8335119027361947
gaussiano,0.5,1.4068602201997251,3.0770702349399377,3.430647749510464,846,True,0.41008588550091657
acotado,0.01,0.0267868358105969,0.0666394801345536,0.029002945658995,846,True,0.9235901803060202
acotado,0.05,0.1936069796420845,0.4765502386529303,0.2265378677900978,846,True,0.8546340686029326
acotado,0.1,0.2651705662792221,0.5417250542915786,0.2671972880273652,846,True,0.9924148865315746
acotado,0.2,0.5346564354658996,1.264428947312041,0.6616792667441459,846,True,0.8080296033707178
acotado,0.5,1.6226851270770135,4.070172148978454,1.6691253845309155,846,True,0.9721768910326929
gaussiano,0.01,0.0339119562724681,0.0976077394902534,0.046990716049458,722,True,0.7216735373169365
gaussiano,0.05,0.1545090047856057,0.3955264854160876,0.1991219591795567,722,True,0.775951609868796
gaussiano,0.1,0.6361474819496511,1.3405215357692697,0.6770292700560454,722,True,0.9396159222141015
gaussiano,0.2,0.5061991741466854,1.8086461866367116,0.6400244851382444,722,True,0.7909059511017724
gaussiano,0.5,0.9420629960543664,2.7243890187659536,1.9550724086223263,722,True,0.48185580845990583
acotado,0.01,0.0182162170475832,0.0537851606727557,0.0390688213861843,722,True,0.4662597027824572
acotado,0.05,0.1030601351734545,0.2401056159874851,0.1209187663809442,722,True,0.8523088537702442
acotado,0.1,0.2117800249732075,0.5365355650312545,0.3244502631474211,722,True,0.6527349459321615
acotado,0.2,0.3264800272172379,0.9442025088234524,0.5540642421351583,722,True,0.5892457992941484
acotado,0.5,1.7303821641574295,2.762704884562218,1.7473963807944408,722,True,0.9902631041107708
gaussiano,0.01,0.0413623833435079,0.1147982760624272,0.0484758076853162,1035,True,0.853258260533057
gaussiano,0.05,0.1228327866664038,0.399485676358204,0.2318417309436382,1035,True,0.5298131020953473
gaussiano,0.1,0.1310907834074786,0.296224517313214,0.3628275117641059,1035,True,0.36130331674712673
gaussiano,0.2,0.3393455889527281,0.7586679260444881,1.0462566972867395,1035,True,0.32434257274792505
gaussiano,0.5,0.6420437889651522,1.7530982143083431,2.5183852641883657,1035,True,0.2549426404669154
acotado,0.01,0.0312858905016402,0.0647354040604327,0.0313434362983524,1035,True,0.9981640240028428
acotado,0.05,0.1154591829555486,0.26152786395267,0.1543283031687245,1035,True,0.7481400403224744
acotado,0.1,0.1485518560351745,0.3835704966565989,0.4558980860167649,1035,True,0.3258444389031977
acotado,0.2,0.5677052156910853,0.8303369933032306,0.745643574228342,1035,True,0.761362714455894
acotado,0.5,1.2536421943776683,2.798849387692671,1.766809003078875,1035,True,0.7095516222710251
gaussiano,0.01,0.0608571268272433,0.1399412997557305,0.0608571268272433,203,True,1.0
gaussiano,0.05,0.2475075392236443,0.7857425088746353,0.2475075392236443,203,True,1.0
gaussiano,0.1,0.3614837574344423,1.188538740531493,0.7813416724464981,203,True,0.4626449224224562
gaussiano,0.2,0.6990439826762269,2.361355800044296,1.812393134778589,203,True,0.38570217976555377
gaussiano,0.5,1.141818716163344,5.846476410197867,3.8393345227050193,203,True,0.2974001638593531
acotado,0.01,0.0202125526941077,0.0883233532763256,0.0223339822986263,203,True,0.9050133748584066
acotado,0.05,0.1446728059116258,0.4018081547862819,0.1483249879934891,203,True,0.9753771624641991
acotado,0.1,0.2808840352180795,0.6910734424268832,0.3712968925465461,203,True,0.756494441124006
acotado,0.2,0.549920003269974,1.2280928201677137,0.5542951851132595,203,True,0.9921067655632053
acotado,0.5,0.5808919851139673,2.378935262536599,1.4994029843573666,203,True,0.3874155188259369
gaussiano,0.01,0.020288895983886,0.0556807630887192,0.0335506432097192,59,True,0.6047245013177144
gaussiano,0.05,0.1786388624010633,0.4546353351600563,0.2919817293161477,59,True,0.6118152078195254
gaussiano,0.1,0.3133055355313826,0.8187219678337297,0.4185352178644859,59,True,0.7485762778338649
gaussiano,0.2,0.7236735451176362,2.246966214833982,1.288640893587545,59,True,0.5615789074510483
gaussiano,0.5,1.6692513462799314,5.658685033991999,2.435557843813548,59,True,0.6853671533689591
acotado,0.01,0.0158887828237583,0.0336539406408888,0.0237929276131452,59,True,0.6677943581427956
acotado,0.05,0.1302628474144797,0.3110098067219635,0.1494436771285587,59,True,0.8716517815766891
acotado,0.1,0.1809729966714648,0.5107141172286865,0.2589546399006686,59,True,0.69885983406547
acotado,0.2,0.5282248635373308,0.9951920670075792,0.5428568246699479,59,True,0.973046371588838
acotado,0.5,0.9358616570078924,2.161003484186022,1.483336504570302,59,True,0.6309166221719839
gaussiano,0.01,0.0537335394585172,0.1701673076346568,0.0538217050317562,817,True,0.9983618955737842
gaussiano,0.05,0.2297150014357702,0.780353901646743,0.2352273336604388,817,True,0.9765659367094391
gaussiano,0.1,0.3802763917443279,1.7404071258252445,0.5201417921071674,817,True,0.731101398723942
gaussiano,0.2,0.9404495317422844,3.0654646917143404,1.2352215124675727,817,True,0.7613610370690279
gaussiano,0.5,2.5188327656229905,6.9126786092674415,2.731208957459412,817,True,0.9222409580722908
acotado,0.01,0.0269912242492726,0.0615405657273624,0.0317650466081776,817,True,0.8497146118565423
acotado,0.05,0.1297275988415496,0.4161404387621451,0.1510254469393528,817,True,0.8589784137082822
acotado,0.1,0.21008660450572,0.9000094566246891,0.3729528364053808,817,True,0.5633060912757519
acotado,0.2,0.4342103514944072,1.2095256853363594,0.5268683974610313,817,True,0.8241343636985223
acotado,0.5,0.994403568581984,3.0404437619637408,1.4760211081181789,817,True,0.6737055202752332
gaussiano,0.01,0.0388418653624216,0.1159065867047727,0.0507030411149216,610,True,0.7660657922743549
gaussiano,0.05,0.1549928754411143,0.5674508423554252,0.2081369269260284,610,True,0.7446678382841626
gaussiano,0.1,0.4990885309639452,1.122125146007427,0.5881690910613764,610,True,0.8485460024145752
gaussiano,0.2,0.765712217305802,1.9160537282627843,1.133420581223792,610,True,0.6755764188427185
gaussiano,0.5,0.7375738988920968,2.3425829829237985,2.7509200004204235,610,True,0.2681189924750168
acotado,0.01,0.0402730830283699,0.0893910451082586,0.0412290147827643,610,True,0.9768141014421226
acotado,0.05,0.15442466356299,0.4392100386638853,0.2040216704439181,610,True,0.7569032408517534
acotado,0.1,0.2566307288239042,0.6442319552041609,0.3091374573476821,610,True,0.8301508688909076
acotado,0.2,0.5541237925871703,0.947107658281658,0.6116081861143907,610,True,0.9060110789353153
acotado,0.5,0.9784270973027094,3.4166142033844373,1.7022031374959097,610,True,0.5748004311295428
gaussiano,0.01,0.0609268952628367,0.1242107684945805,0.0633716647579962,1063,True,0.9614217252379973
gaussiano,0.05,0.1484384182686549,0.4736023514128442,0.1841867763998825,1063,True,0.8059124610899568
gaussiano,0.1,0.3700502151814113,0.7872102329941724,0.640035132343916,1063,True,0.5781717228962501
gaussiano,0.2,0.6941385126690414,2.0794569965043563,0.8497358844348395,1063,True,0.8168873709867083
gaussiano,0.5,1.5260400148837938,4.94397368697063,2.7436020338681413,1063,True,0.5562177006889972
acotado,0.01,0.0405034625656313,0.0883150271131633,0.0408035314376933,1063,True,0.992646007306495
acotado,0.05,0.173509297406614,0.4549041907225465,0.1823582890966035,1063,True,0.9514746944938609
acotado,0.1,0.2230863717261337,0.4578429620158675,0.3075560192993793,1063,True,0.7253519935468351
acotado,0.2,0.6507683370724735,1.7544928479984347,0.6573800241778901,1063,True,0.9899423668772335
acotado,0.5,1.1016258769177267,2.9004702448426194,1.217413829725682,1063,True,0.9048902271513988
gaussiano,0.01,0.0310284537951543,0.0924742398425265,0.0567820206611888,298,True,0.5464485665330087
gaussiano,0.05,0.208121307509514,0.4525557853167494,0.2129599824651196,298,True,0.9772789474360606
gaussiano,0.1,0.2030409716817377,0.5080907579948479,0.3443512728785634,298,True,0.5896332834330505
gaussiano,0.2,0.6702511747888331,1.6653699317668715,1.0099198444501272,298,True,0.6636676944928891
gaussiano,0.5,2.182541563601111,6.622836463654741,3.034322647315384,298,True,0.7192846039402284
acotado,0.01,0.0214405323744881,0.0531429778040486,0.0391117898183996,298,True,0.5481859171886247
acotado,0.05,0.115670701877909,0.323271541678475,0.1402093967368107,298,True,0.8249853759447828
acotado,0.1,0.282165176969321,0.5085117677413431,0.313155725364854,298,True,0.9010378994047569
acotado,0.2,0.519110010683979,1.413748159285508,0.58938242824388,298,True,0.8807694050715352
acotado,0.5,1.0661704167416408,3.6126183839126407,1.4673318451288844,298,True,0.7266048373999494
gaussiano,0.01,0.0654935751687082,0.1407963745127757,0.082250140742127,1402,True,0.7962731075931595
gaussiano,0.05,0.1418557493481917,0.3717948848904504,0.1629654723343823,1402,True,0.8704650581266907
gaussiano,0.1,0.4351264006311436,0.9317712992184414,0.4439167484459255,1402,True,0.980198206430473
gaussiano,0.2,0.4298696409220611,1.2650397536373297,0.5262960646061206,1402,True,0.8167829285285937
gaussiano,0.5,1.7583111389142705,4.82915423110612,3.381702915632289,1402,True,0.5199484350876259
acotado,0.01,0.0233853324379295,0.0571717458361941,0.0240606791114581,1402,True,0.9719315207022985
acotado,0.05,0.0755535022107336,0.2385564373694544,0.1045108871178184,1402,True,0.7229247047301376
acotado,0.1,0.3480212321935503,0.7075570994452813,0.3865441892648172,1402,True,0.9003400952824174
acotado,0.2,0.39854585066127,1.187044571420539,0.5562693964993406,1402,True,0.7164619394296348
acotado,0.5,1.1605086587377675,2.7780462394832184,1.7123462463599184,1402,True,0.6777301385188659
gaussiano,0.01,0.0313928302875696,0.0826249739815572,0.0552797381840268,411,True,0.5678903576399467
gaussiano,0.05,0.1772821127046533,0.4287947983536349,0.180129150710715,411,True,0.9841944627239485
gaussiano,0.1,0.4336124662251452,0.998293194773156,0.4875632864182166,411,True,0.8893460157974362
gaussiano,0.2,0.5621001052260901,1.9207555013740216,1.1090501487319488,411,True,0.5068301968750256
gaussiano,0.5,1.484617825149854,3.157921525990916,3.369381945781591,411,True,0.440620223245563
acotado,0.01,0.023995733555903,0.0699085449161188,0.0313243131946594,411,True,0.7660418093378699
acotado,0.05,0.1568800644794272,0.3007077768058473,0.1600933873575758,411,True,0.9799284471945646
acotado,0.1,0.2413903932711064,0.4472179478896118,0.292184719945987,411,True,0.8261568001082658
acotado,0.2,0.4119386399591507,0.9848148870425142,0.4728394503999399,411,True,0.8712019261732968
acotado,0.5,0.7988288966087209,1.85883734521768,1.5426894882186473,411,True,0.5178157384939035
gaussiano,0.01,0.0373328830232364,0.1551717865623461,0.0544032724711729,1026,True,0.6862249516886741
gaussiano,0.05,0.2270382310993739,0.4447431929299555,0.2278557083012544,1026,True,0.9964123031721475
gaussiano,0.1,0.5368926727420131,1.773702137339043,0.785393626962958,1026,True,0.6835969306475349
gaussiano,0.2,0.8908098156882085,2.9126543267968605,1.0127298137118197,1026,True,0.8796125122684455
gaussiano,0.5,2.080454003486856,4.853502708136849,3.1169436147301752,1026,True,0.667466037452511
acotado,0.01,0.0314785553557441,0.0894993927357925,0.0316251575839128,1026,True,0.9953643795203324
acotado,0.05,0.1214173372540955,0.3908615527104974,0.1435690770779576,1026,True,0.8457067477571526
acotado,0.1,0.3042701077681624,0.8049505823386987,0.3042701077681624,1026,True,1.0
acotado,0.2,0.4859375002779873,1.6419375618865797,0.5164603132266721,1026,True,0.9408999836638204
acotado,0.5,1.5771520747323189,5.163269188759744,1.589681009627674,1026,True,0.9921185855404479
gaussiano,0.01,0.0368384791221805,0.0995863635848408,0.0525508912883778,261,True,0.7010057911297068
gaussiano,0.05,0.1848334513082254,0.5550660606844412,0.2165267890103628,261,True,0.8536285609416183
gaussiano,0.1,0.3576680459459047,1.1572907140544073,0.7779310732332885,261,True,0.45976829857090185
gaussiano,0.2,0.9294673248517378,2.2527149035940752,1.2841292787844716,261,True,0.7238113328679423
gaussiano,0.5,2.447282619938409,6.165388610447884,3.804435008029112,261,True,0.6432709757883929
acotado,0.01,0.0218698236121255,0.0587878784159741,0.0427563207272827,261,True,0.511499194507876
acotado,0.05,0.1957274710178976,0.3508811269270542,0.1957274710178976,261,True,1.0
acotado,0.1,0.2485747775997154,0.7003796630974816,0.2534585906958839,261,True,0.9807313175585815
acotado,0.2,0.5695091163039632,0.9381568589698276,0.6602214440804408,261,True,0.8626031786913221
acotado,0.5,0.9621635984941128,2.171811666120795,1.3476083348589571,261,True,0.7139786639823762
gaussiano,0.01,0.0905147686956229,0.183847036931264,0.0911463002822947,383,True,0.9930712318029822
gaussiano,0.05,0.249419498465546,0.6654799936745849,0.2804741043416411,383,True,0.8892781707994405
gaussiano,0.1,0.6830424140449944,1.0529707514964546,0.7088254943889921,383,True,0.9636256306409764
gaussiano,0.2,1.048107431166109,3.2671623231211404,1.3371073486286766,383,True,0.7838618434346629
gaussiano,0.5,2.5917888558935216,7.4094453481902995,3.708656536198856,383,True,0.6988484456826906
acotado,0.01,0.0291819560141717,0.0830100656227111,0.0299149969584178,383,True,0.9754958710086103
acotado,0.05,0.1649343717834304,0.3877670976052736,0.1683500509567264,383,True,0.9797108515626528
acotado,0.1,0.3417138657167986,0.8602341560524135,0.3425814696297151,383,True,0.9974674523001661
acotado,0.2,0.64399326691576,1.226536438256144,0.64399326691576,383,True,1.0
acotado,0.5,0.8796420526077813,3.141351552334506,1.9019128527605773,383,True,0.4625038688449913
gaussiano,0.01,0.0333445467640489,0.1024009223403676,0.0626653705049098,1102,True,0.5321048370955753
gaussiano,0.05,0.1927839279416054,0.5575716907537667,0.2574671026925434,1102,True,0.7487711087183826
gaussiano,0.1,0.7975098506965754,1.3215646062425537,0.5387420691110614,1102,False,1.480318498261121
gaussiano,0.2,0.5613390494347101,1.1434399882002149,0.9675579345887312,1102,True,0.580160659499229
gaussiano,0.5,2.409594245119674,4.751473215469726,3.5667931733878,1102,True,0.675563209859741
acotado,0.01,0.0135794205291533,0.0354835393573618,0.0335690883684574,1102,True,0.4045215759243841
acotado,0.05,0.122341602074472,0.3136085527061075,0.1368830023303744,1102,True,0.8937676701391605
acotado,0.1,0.1770524119946971,0.4639085146439139,0.2281123324787233,1102,True,0.7761632616299309
acotado,0.2,0.547227197520133,0.9392006412670764,0.5480117374129853,1102,True,0.9985683885229251
acotado,0.5,1.1322475106672654,2.905136702871908,1.133005266495148,1102,True,0.9993311983180566
gaussiano,0.01,0.0522750804421123,0.1214827838805293,0.0679094463171985,1103,True,0.769776272330957
gaussiano,0.05,0.1991690824828813,0.5757297291796692,0.2324533309858099,1103,True,0.8568132004743764
gaussiano,0.1,0.2387387794683915,0.9557949539122804,0.4294141284484984,1103,True,0.5559639603172128
gaussiano,0.2,0.4487968240778521,1.4361824103014895,0.6233321507521087,1103,True,0.7199962709068297
gaussiano,0.5,1.1230772306085792,3.9616820817488687,2.20392033222201,1103,True,0.5095815915797118
acotado,0.01,0.0193582923692186,0.0720530350374323,0.0195117141374394,1103,True,0.9921369405506812
acotado,0.05,0.2238055378344774,0.4563607544111641,0.2296155936280177,1103,True,0.9746965974664913
acotado,0.1,0.2123679204746451,0.7913648102369173,0.225762646966668,1103,True,0.9406689872217855
acotado,0.2,0.7131632130960561,1.83129280759492,0.7505062401852496,1103,True,0.9502428826175037
acotado,0.5,1.1875954629551004,3.436015305389644,1.8810794045833827,1103,True,0.6313372311989809
gaussiano,0.01,0.0651963881899283,0.1674870679099813,0.0653879764160887,529,True,0.9970699777442071
gaussiano,0.05,0.2420993852067474,0.6601699629420077,0.2781615625214256,529,True,0.8703552820605813
gaussiano,0.1,0.4596432761327177,1.2152532886532763,0.4665649221105565,529,True,0.9851646670166974
gaussiano,0.2,1.0643300703088738,2.8367781933243474,1.091885861238427,529,True,0.9747631213959497
gaussiano,0.5,1.0873681246297888,3.3522412388873404,1.4979765097026965,529,True,0.7258913057625976
acotado,0.01,0.0205205271444892,0.0665819139265253,0.0299194919097607,529,True,0.6858581424571165
acotado,0.05,0.1259859923598011,0.3048939832344319,0.1271534037490816,529,True,0.9908188742506318
acotado,0.1,0.2641818156294722,0.5340068279920296,0.267323905043916,529,True,0.9882461337906625
acotado,0.2,1.7225116273878407,1.0263355577316542,0.4375605445058466,529,False,3.93662465461354
acotado,0.5,2.180332219767669,3.015845705801495,1.1102477855599453,529,False,1.963824875964994
gaussiano,0.01,0.057866737011853,0.1306763028750293,0.0610501344246992,1269,True,0.9478560130482155
gaussiano,0.05,0.2049905107184626,0.6653055603555869,0.2937507885027877,1269,True,0.6978381633059592
gaussiano,0.1,0.3651432309577052,0.99708990188053,0.3918375662125133,1269,True,0.9318739764723568
gaussiano,0.2,0.800855144804633,1.7505418695845394,0.9383227895917352,1269,True,0.8534964232863678
gaussiano,0.5,1.129737282382219,3.6404141616634207,1.5259534842363602,1269,True,0.740348440534266
acotado,0.01,0.0344171940122723,0.0745331323236495,0.035007714169277,1269,True,0.9831317133661088
acotado,0.05,0.1360189599206336,0.2782005503823446,0.1365018199777603,1269,True,0.9964626108486657
acotado,0.1,0.2381433251987961,0.6184433504279008,0.3193249602833914,1269,True,0.7457710947100752
acotado,0.2,0.5268208158204795,1.1314034663279182,0.6366061991666117,1269,True,0.8275458462549478
acotado,0.5,1.034045696966523,2.8674676140998576,1.203432627874745,1269,True,0.8592468518928573
gaussiano,0.01,0.0612379013364954,0.0809441405214692,0.0654548909565408,526,True,0.9355741097659867
gaussiano,0.05,0.224299264422358,0.5354930443285248,0.2330299028828322,526,True,0.962534256966738
gaussiano,0.1,0.5133337770413595,0.9733647004796616,0.5530654064137508,526,True,0.928161065740807
gaussiano,0.2,0.2940051447057321,0.5779394118801542,0.7302388936687021,526,True,0.402615017160559
gaussiano,0.5,1.4755975321225354,1.7228369562491843,4.696642005905486,526,True,0.314181393912319
acotado,0.01,0.0174635159688762,0.0289266055447381,0.0326947530039701,526,True,0.5341381831743955
acotado,0.05,0.1021297251668125,0.2055950551414929,0.1453460940671832,526,True,0.7026657704307152
acotado,0.1,0.2755626527862524,0.493527023303312,0.2763413709030566,526,True,0.9971820429410935
acotado,0.2,0.3702236594102674,0.7914906700399147,0.456767268771959,526,True,0.8105301862053989
acotado,0.5,0.7580561033782738,1.5650626582810605,1.2800697491059911,526,True,0.5921990609556276
gaussiano,0.01,0.0612273322319492,0.1702289952575346,0.0662793867198712,1151,True,0.9237763845149257
gaussiano,0.05,0.1926666894241122,0.5612224062443691,0.2010113785555227,1151,True,0.9584864837434784
gaussiano,0.1,0.3709985547235876,1.1356357509505326,0.4342331668542012,1151,True,0.8543763651479774
gaussiano,0.2,0.8396267246491367,1.7911669867905782,1.1557114448352968,1151,True,0.7265020420117012
gaussiano,0.5,1.3940380345976258,4.244907071817945,1.7560113130738466,1151,True,0.7938662036051481
acotado,0.01,0.0253239113590355,0.0901867130834852,0.0270566858003435,1151,True,0.9359576241490005
acotado,0.05,0.1435424202200961,0.3310699245123214,0.1669259998599921,1151,True,0.8599164919814242
acotado,0.1,0.2450802011472932,0.6899579310227092,0.3387521508370144,1151,True,0.7234793950141144
acotado,0.2,0.3417399013874378,0.922231595020356,1.026383661945956,1151,True,0.33295532076136264
acotado,0.5,0.8506366780679318,2.7522277061876945,1.160449327731606,1151,True,0.7330235433293051
gaussiano,0.01,0.0552289154451193,0.1254998776786726,0.0562746341433268,1230,True,0.9814175833547999
gaussiano,0.05,0.1449727202517186,0.3469591628380803,0.2382040813042496,1230,True,0.608607205459885
gaussiano,0.1,0.7342238152826934,1.6689149467233375,0.7358362322514035,1230,True,0.9978087284941425
gaussiano,0.2,0.8518289410921565,2.539628226524996,1.3979826960630897,1230,True,0.6093272423836312
gaussiano,0.5,0.9976476309363812,2.8800376212180105,2.980947735743265,1230,True,0.33467464691648785
acotado,0.01,0.0212933647650717,0.0726013614312564,0.0286141937443895,1230,True,0.7441539312721951
acotado,0.05,0.1279731454673368,0.3409428801003961,0.1471551625802736,1230,True,0.8696476781609821
acotado,0.1,0.2427859086497429,0.7646217035983219,0.3236552478225469,1230,True,0.7501374078842593
acotado,0.2,0.4550636877799954,0.6812721539686637,0.4629511020954968,1230,True,0.9829627485931022
acotado,0.5,0.781208582511183,2.115332338488468,0.9471813626342216,1230,True,0.8247719109870901
gaussiano,0.01,0.0266095102812798,0.0715836001268658,0.0406758219886127,781,True,0.6541849428077742
gaussiano,0.05,0.1826913518975153,0.4963195782002603,0.1879094023295477,781,True,0.972231030659758
gaussiano,0.1,0.3590120878921681,0.9405162274480632,0.4088552921786608,781,True,0.8780908423102609
gaussiano,0.2,0.8763098594553294,2.1062959277874205,1.8656901134397168,781,True,0.46969743428596683
gaussiano,0.5,1.711693252282816,6.260558107933706,2.717075798819532,781,True,0.6299762608855015
acotado,0.01,0.0246425084593606,0.0449951181139149,0.0260406674328401,781,True,0.9463086352496376
acotado,0.05,0.1336830519749723,0.2890749430208819,0.1345782554189178,781,True,0.9933480825623806
acotado,0.1,0.3304091163310505,0.5204756674006483,0.3304091163310505,781,True,1.0
acotado,0.2,0.497038561166319,1.0416105291090756,0.5001123184438467,781,True,0.9938538660933367
acotado,0.5,1.0249580450809592,3.0994755448310176,1.788228666907713,781,True,0.5731694520104992
gaussiano,0.01,0.0325238918116346,0.0813428412538115,0.0327654900492815,1223,True,0.9926264421107843
gaussiano,0.05,0.2583256931918662,0.6924855875903586,0.2583256931918662,1223,True,1.0
gaussiano,0.1,0.4233331861659776,1.2757833212144498,0.5498211574301504,1223,True,0.7699470645048033
gaussiano,0.2,0.3028123736010972,1.229246091943736,0.3794033649533975,1223,True,0.7981278016295189
gaussiano,0.5,1.6341808209213045,4.364713903050188,2.314795810496132,1223,True,0.7059719105725568
acotado,0.01,0.0217485318662363,0.0656511811196353,0.0289900524917695,1223,True,0.7502067087464184
acotado,0.05,0.1463134076861325,0.4328633572474556,0.1470251426421953,1223,True,0.9951590935858168
acotado,0.1,0.2274504325016626,0.918782895649146,0.2600629782204037,1223,True,0.8745975073349275
acotado,0.2,0.5299717138613906,1.5612790765002391,0.5735479527751752,1223,True,0.9240233729317032
acotado,0.5,0.9288537042866294,3.304117926879379,1.3919380321535146,1223,True,0.6673096666879403
gaussiano,0.01,0.0574533266761481,0.1111517503955903,0.057814083625912,1465,True,0.9937600507153553
gaussiano,0.05,0.2290337099238941,0.4821736789200378,0.2522098519583726,1465,True,0.9081077053314169
gaussiano,0.1,0.2328120388558243,0.5312587787970496,0.5875283209535795,1465,True,0.396256708915686
gaussiano,0.2,0.4207214802457311,0.963478582163785,0.9227043800382526,1465,True,0.4559656259876963
gaussiano,0.5,0.5997633962616491,1.8397239031109784,1.8295004772558012,1465,True,0.32782904607998636
acotado,0.01,0.0219768870860059,0.0411503963653386,0.0329056136784253,1465,True,0.6678765301500861
acotado,0.05,0.101022341966717,0.2466360890460776,0.1324827538960882,1465,True,0.7625320201748905
acotado,0.1,0.1325573314249259,0.3664675919347239,0.3580227392795914,1465,True,0.37024835822343577
acotado,0.2,0.3724694509686412,0.8136157807724074,0.5851634677187998,1465,True,0.6365220515571066
acotado,0.5,1.036062618176023,2.15537234494502,1.58245095750349,1465,True,0.6547202068179975
gaussiano,0.01,0.0526150077727056,0.1197039571545954,0.0688405221541641,798,True,0.7643028571874795
gaussiano,0.05,0.3616354242495911,0.8587809654508491,0.3807356582597176,798,True,0.9498333460610686
gaussiano,0.1,0.3292693230946568,0.571825144874611,0.6121300808985415,798,True,0.5379074372743202
gaussiano,0.2,0.3966357295588554,0.8412026222326101,0.59548184125063,798,True,0.6660752722968709
gaussiano,0.5,1.0165219887754433,2.510256854775664,1.8679889106143075,798,True,0.544179884045002
acotado,0.01,0.0149929716035253,0.0345968970125623,0.0165799658725638,798,True,0.9042824164273686
acotado,0.05,0.0845988948174434,0.2130258268905731,0.1802944593040661,798,True,0.46922625988615435
acotado,0.1,0.078245659517244,0.2283893045557408,0.2567833073157355,798,True,0.30471474308505087
acotado,0.2,0.4179877933741608,0.9897197245654776,0.6097219563482963,798,True,0.6855383655158883
acotado,0.5,0.8330429244828275,1.3081029505927693,1.9355315926587773,798,True,0.43039489907705575
gaussiano,0.01,0.0293973393036977,0.0478262791658923,0.0294606681164482,270,True,0.9978503945497712
gaussiano,0.05,0.106686982947791,0.1791043246031378,0.1503167697672354,270,True,0.7097477088750319
gaussiano,0.1,0.442542199845144,0.5444169873965548,0.4737919956520537,270,True,0.9340432170790426
gaussiano,0.2,0.5585607050911114,1.0186988239653458,1.1736294354450578,270,True,0.475925950919335
gaussiano,0.5,1.4526445855585348,2.400451460633123,1.876553738634724,270,True,0.7741023108751461
acotado,0.01,0.0374525308038999,0.0672902619350059,0.0479831928844399,270,True,0.780534361148049
acotado,0.05,0.1209935216759334,0.2152038921814075,0.1593291276602093,270,True,0.7593936115307698
acotado,0.1,0.2391016084299428,0.3553898466291276,0.3059733443409125,270,True,0.7814458770746321
acotado,0.2,0.4732462224080462,0.7326271637819726,0.6139659827134865,270,True,0.7708020244321767
acotado,0.5,0.391342225726798,0.8283272856455433,1.226718541347923,270,True,0.3190154974724599
gaussiano,0.01,0.0389649404072546,0.1128239633225342,0.0502601875971491,887,True,0.7752645238726646
gaussiano,0.05,0.2217345297062261,0.6298608025654312,0.2393962438931542,887,True,0.9262239294163246
gaussiano,0.1,0.2325368531667218,0.7577609550121887,0.2348363837223562,887,True,0.9902079459784514
gaussiano,0.2,0.8067677618083353,2.0925798305130296,1.195899431866824,887,True,0.6746117109103013
gaussiano,0.5,1.5809496952431306,4.651678278574119,2.193165900015333,887,True,0.7208527614039949
acotado,0.01,0.0262370307657482,0.0624616397290368,0.0265922493424644,887,True,0.9866420259474267
acotado,0.05,0.1263332085367732,0.3398324590524423,0.1395002651402881,887,True,0.9056126768628471
acotado,0.1,0.242169521582612,0.649998792417597,0.2959802496485026,887,True,0.8181948689826614
acotado,0.2,0.4629308923950628,1.28252953301686,0.5119150815008102,887,True,0.9043118851624029
acotado,0.5,1.0065718393196077,3.171157287530682,2.187502020539514,887,True,0.4601467015200069
gaussiano,0.01,0.0298221965716817,0.0662991210031688,0.04789327947114,590,True,0.6226801944028963
gaussiano,0.05,0.2065997671666646,0.5356067008412627,0.3448380698141109,590,True,0.5991211100271924
gaussiano,0.1,0.2948119734958201,0.7077129238718354,0.3277449057386152,590,True,0.899516570155144
gaussiano,0.2,0.6493469126428977,1.572645398290785,0.9166634245773349,590,True,0.7083809555751672
gaussiano,0.5,1.151259846977338,2.5170605433256026,3.2503627389424747,590,True,0.3541942667457194
acotado,0.01,0.0248339945345061,0.0512493513205005,0.0422256574311172,590,True,0.5881257047333803
acotado,0.05,0.0784132472200963,0.1721164215716749,0.2019123012193446,590,True,0.38835299655622846
acotado,0.1,0.1755010891466895,0.3824514436054979,0.3176510943731898,590,True,0.5524964095999728
acotado,0.2,0.3623834833204643,0.8333795372372383,0.5443493375091502,590,True,0.6657186081619376
acotado,0.5,1.0906524591970777,1.90898687316072,2.1420726575673656,590,True,0.5091575467079029
gaussiano,0.01,0.0317527620866178,0.0723614496343736,0.044976349653504,829,True,0.7059879765974743
gaussiano,0.05,0.2412293694836379,0.637624494408259,0.3564374336272347,829,True,0.6767789988520613
gaussiano,0.1,0.4832431056161113,1.2778531940748346,0.5226242831835348,829,True,0.924647248827522
gaussiano,0.2,0.90164156513567,2.2196255524778734,0.946274521765008,829,True,0.9528329722477491
gaussiano,0.5,1.6344131346102495,4.775812654563535,2.214459019058082,829,True,0.7380642949560862
acotado,0.01,0.0277360542627662,0.0942718861257073,0.0306737651301212,829,True,0.9042272490875204
acotado,0.05,0.1151612503937262,0.2677787914152285,0.1265632812742749,829,True,0.9099104355880328
acotado,0.1,0.2889382506333546,0.4846848107808776,0.3669827954161619,829,True,0.7873345950882954
acotado,0.2,0.4181619528511295,1.2036765877964832,0.7635531492547885,829,True,0.5476527118763725
acotado,0.5,1.1603929580650512,3.2636452870693207,1.1697429117960374,829,True,0.9920068301874724
gaussiano,0.01,0.0437889973302394,0.0896233200424286,0.0458948324192665,838,True,0.9541160741194236
gaussiano,0.05,0.270852691745759,0.6163834915528528,0.2872700846280366,838,True,0.9428503218372523
gaussiano,0.1,0.2632179269017766,0.6063729398155375,0.429537204298053,838,True,0.6127942452200984
gaussiano,0.2,0.5078196067381593,1.186685548263786,1.13409906500469,838,True,0.4477735873418247
gaussiano,0.5,1.5170048241940024,4.710653600895975,2.429666747868043,838,True,0.624367446904036
acotado,0.01,0.0248451916935987,0.0553194415277847,0.0364822409976959,838,True,0.6810215330568055
acotado,0.05,0.1209982585542983,0.3582765993162035,0.1362854261748809,838,True,0.8878297698466586
acotado,0.1,0.3638352625492108,0.6939775627195266,0.4227933320771962,838,True,0.860551089492536
acotado,0.2,0.3274747888223813,0.9123439030057804,0.5206004393012539,838,True,0.6290328707019832
acotado,0.5,1.283153852014487,2.749559748587949,1.283153852014487,838,True,1.0
gaussiano,0.01,0.0390180198067671,0.0599677557160359,0.0414604347312787,1461,True,0.9410904651545058
gaussiano,0.05,0.1561311795810791,0.3093764898329321,0.2898717054877131,1461,True,0.538621661325607
gaussiano,0.1,0.4108607483506795,0.6806515808193927,0.4149587870530539,1461,True,0.9901242271998196
gaussiano,0.2,1.0298734962689626,2.3375299439710564,1.0330079256942648,1461,True,0.9969657256761166
gaussiano,0.5,1.2027947095320108,2.986583226136672,2.775885305892865,1461,True,0.4333012992210538
acotado,0.01,0.0240080395402308,0.0484373037125686,0.0325011182867767,1461,True,0.7386834916999958
acotado,0.05,0.102579231746863,0.1591281431276485,0.1455398351904198,1461,True,0.7048189357412115
acotado,0.1,0.1590642606875012,0.3034660358183887,0.2403499612813284,1461,True,0.6618027306495685
acotado,0.2,0.349274419643039,0.8596467678909667,0.5583255309468953,1461,True,0.6255748667819025
acotado,0.5,0.841949412478546,2.2722750541455685,1.3842265777355622,1461,True,0.6082453740021954
gaussiano,0.01,0.0317460305155661,0.1013825720502858,0.0483379549867075,420,True,0.6567516255972344
gaussiano,0.05,0.2274194690093749,0.5438558315778917,0.3408384197172454,420,True,0.6672354284415437
gaussiano,0.1,0.3122122925043316,0.7717808117803057,0.5712839962719065,420,True,0.5465097824230525
gaussiano,0.2,0.8894785186220635,2.486270729114944,1.0215058984266872,420,True,0.8707522100381693
gaussiano,0.5,0.9463736439374126,2.5464461315365696,2.2790072618832866,420,True,0.4152569672618615
acotado,0.01,0.0208983101304491,0.0549819625198666,0.0214460321519777,420,True,0.9744604494832816
acotado,0.05,0.1354816256193078,0.442767547029367,0.145577702481976,420,True,0.9306481920614306
acotado,0.1,0.2683300190672106,0.6196190048424352,0.2750461723824347,420,True,0.9755817241263562
acotado,0.2,0.2632634705804932,1.0052933205501136,0.6342749144762566,420,True,0.4150620883341717
acotado,0.5,0.4325984517618138,1.3153998650088656,1.064005525598502,420,True,0.40657538081719796
gaussiano,0.01,0.0433887843366427,0.1141473945002047,0.0522783430931729,649,True,0.8299571441909165
gaussiano,0.05,0.2803510241106015,0.4475462790110334,0.3358799278226754,649,True,0.8346763259357676
gaussiano,0.1,0.4404362677510853,0.9475864888860244,0.5112221522951492,649,True,0.8615359600004259
gaussiano,0.2,0.8565338798411031,2.0206800062712773,1.5251873893397525,649,True,0.5615925530382815
gaussiano,0.5,1.5784792423146623,2.8343749120459902,2.9849173820697708,649,True,0.5288184027459177
acotado,0.01,0.0169243633534541,0.0405636692439614,0.0265129032332418,649,True,0.6383444017641335
acotado,0.05,0.1673284606821207,0.3225022717753595,0.173132629701275,649,True,0.966475591405451
acotado,0.1,0.2435107650419534,0.5364918386711532,0.3021771654014277,649,True,0.8058542898781289
acotado,0.2,0.4848770205058104,0.8757093239625395,0.6806357711420441,649,True,0.7123883890090458
acotado,0.5,1.1132923048427052,2.330569819067726,1.684392369648398,649,True,0.6609459440113085
gaussiano,0.01,0.035382856779381,0.0923357219251356,0.0369193737224042,1488,True,0.9583818253642051
gaussiano,0.05,0.1713673580168014,0.4829357659936568,0.2055839448976364,1488,True,0.8335639152275631
gaussiano,0.1,0.2362652383211418,0.5848690826694153,0.5269509718985048,1488,True,0.44836284762873246
gaussiano,0.2,0.5819950743508222,1.401924072893024,0.8173066864201831,1488,True,0.712088967361775
gaussiano,0.5,0.9731342648335086,2.965618483063393,2.38976731210536,1488,True,0.40720879388721215
acotado,0.01,0.0337001277649249,0.0759660114572822,0.0337001277649249,1488,True,1.0
acotado,0.05,0.0770794323757622,0.1784526995778417,0.1165506868189965,1488,True,0.6613382939172787
acotado,0.1,0.2523059522590847,0.682688986042747,0.2566146689944637,1488,True,0.98320939035846
acotado,0.2,0.4595968641494172,1.5436553786471594,0.566015648589438,1488,True,0.8119861443668104
acotado,0.5,0.9731342648335086,2.012304200761733,1.1102032298334232,1488,True,0.8765370507699922
gaussiano,0.01,0.0366040417289867,0.0708002627466874,0.0414825580045961,560,True,0.8823959632607787
gaussiano,0.05,0.1926448525944106,0.329492405798243,0.3032748914000772,560,True,0.6352153048511868
gaussiano,0.1,0.4138436116098349,1.09312779099128,0.6562331161007581,560,True,0.6306350616208362
gaussiano,0.2,1.049351033626415,2.956580864265543,1.2056098223079188,560,True,0.8703902491584092
gaussiano,0.5,1.3431093619494376,3.303528798954466,2.857364015082301,560,True,0.47005189218453564
acotado,0.01,0.0198947460563652,0.0387192644278537,0.0315357040608592,560,True,0.6308641791529789
acotado,0.05,0.1785642087468537,0.3430718959024548,0.1824814144305402,560,True,0.9785336731638632
acotado,0.1,0.1393629388122437,0.3196557697671083,0.2223982597383469,560,True,0.6266368225012425
acotado,0.2,0.6472804703247501,0.9732963737146832,0.689287621482515,560,True,0.9390571514001423
acotado,0.5,0.8925065131317882,1.7065060625940114,1.3772697505052385,560,True,0.6480259315971911
gaussiano,0.01,0.0553290179370371,0.1298963271399458,0.0553290179370371,49,True,1.0
gaussiano,0.05,0.2256660026369565,0.5351490910119162,0.226429330888944,49,True,0.9966288455254858
gaussiano,0.1,0.4321635743123094,0.8589891558182736,0.7541810717061304,49,True,0.573023628575902
gaussiano,0.2,0.6152309141821517,1.2807244605942067,0.7309103947635806,49,True,0.8417323362614834
gaussiano,0.5,2.7686016148307324,4.197678072742285,3.0427228767660006,49,True,0.909909225046935
acotado,0.01,0.0291616621364654,0.0829188674999318,0.0291769124463274,49,True,0.999477315843818
acotado,0.05,0.100864755041135,0.294417092851033,0.1080746807107342,49,True,0.9332875598411728
acotado,0.1,0.1654534075315281,0.4358349790363971,0.2831981519737723,49,True,0.5842319463541243
acotado,0.2,0.3087386432478709,0.8402284932603052,0.571321705011802,49,True,0.5403936880736803
acotado,0.5,1.3490401595313433,2.683539159158106,1.377059726370514,49,True,0.9796526132435655
gaussiano,0.01,0.0393864358893047,0.1046174786695881,0.0473086248026324,1113,True,0.8325423969439313
gaussiano,0.05,0.1856611161342718,0.3704557464924897,0.20524393490222,1113,True,0.9045875885332366
gaussiano,0.1,0.3066883955998544,0.7648646687955578,0.555208564245119,1113,True,0.5523841225627322
gaussiano,0.2,0.493223752956796,1.251948792814369,1.3314403019810683,1113,True,0.3704437609579052
gaussiano,0.5,1.6800066801603055,3.2907064347291306,2.1555419478657187,1113,True,0.7793894625079052
acotado,0.01,0.0240806281341503,0.0619295689932068,0.0312035664073742,1113,True,0.7717267898088545
acotado,0.05,0.1590272114248212,0.2912554988622351,0.1941121233140856,1113,True,0.8192544015785413
acotado,0.1,0.1301232885607813,0.4448143745581013,0.2028277631621553,1113,True,0.6415457456716674
acotado,0.2,0.3597845154012414,1.148647424522072,0.4839921164827548,1113,True,0.7433685449586469
acotado,0.5,1.000425387232177,3.5758798473308806,1.5977300555086686,1113,True,0.6261542015704725
gaussiano,0.01,0.0343452568159999,0.0917286604951189,0.0401570107805828,1310,True,0.8552742385049967
gaussiano,0.05,0.1561140071879115,0.3450062122028628,0.2390980990450673,1310,True,0.6529286841318038
gaussiano,0.1,0.345516839840383,0.6164818878439197,0.567340044983704,1310,True,0.6090119019367078
gaussiano,0.2,0.545042633884891,1.3143754802867775,1.0454075313126865,1310,True,0.5213685740339918
gaussiano,0.5,0.9859816170279944,2.9075620778963724,3.130754310345384,1310,True,0.31493420412131323
acotado,0.01,0.0313458641179038,0.0708686072726413,0.0335017199879775,1310,True,0.9356493973787807
acotado,0.05,0.1005494309834276,0.2318439170525722,0.1652115303774488,1310,True,0.6086102510745369
acotado,0.1,0.1715149949986799,0.4769780849437555,0.266393274175811,1310,True,0.6438413114194674
acotado,0.2,0.2378024267177418,0.613821450225349,0.4854951720711769,1310,True,0.48981419465666354
acotado,0.5,0.8387142153962799,2.3622073876990903,1.3319922448333383,1310,True,0.6296689929311274
gaussiano,0.01,0.0373926283367593,0.1062184892649354,0.0379412467341424,1532,True,0.9855403170795278
gaussiano,0.05,0.3327492552739679,0.5300386138171505,0.3925681974468445,1532,True,0.8476215277704039
gaussiano,0.1,0.2712674697710729,0.7870955311332282,0.4074600720271917,1532,True,0.6657522746252545
gaussiano,0.2,0.9196399605418945,1.5992811381726162,1.1060692435788293,1532,True,0.8314488137888014
gaussiano,0.5,1.7666571213220168,5.331287072720491,2.7113976281943963,1532,True,0.6515669641927394
acotado,0.01,0.0194536205727685,0.0513974830707959,0.0275235469214202,1532,True,0.7067991864678139
acotado,0.05,0.1069817963167245,0.2334550712581903,0.1096436734701827,1532,True,0.975722473817132
acotado,0.1,0.1869605886524175,0.5166138055058005,0.2305555819482094,1532,True,0.8109133037360821
acotado,0.2,0.3569324048755595,0.871916106545596,0.4247544157756882,1532,True,0.8403265313292344
acotado,0.5,1.174773551161333,2.4351418488651158,1.45689559679791,1532,True,0.8063539719272617
gaussiano,0.01,0.0647424839610593,0.0779653492752265,0.0649872542995445,1334,True,0.9962335639330603
gaussiano,0.05,0.3337634604900033,0.4763005503194623,0.3354624188927826,1334,True,0.994935473224134
gaussiano,0.1,0.4913312154366362,0.7787134463194585,0.5206425494531932,1334,True,0.9437016163059639
gaussiano,0.2,0.3655874181704481,0.5989980133866648,0.759931026426014,1334,True,0.4810797367885088
gaussiano,0.5,1.3255519241753366,2.574444784183328,1.5597070004183085,1334,True,0.8498723951484656
acotado,0.01,0.0295942321174216,0.0352456802306688,0.0343174503496945,1334,True,0.8623668662985347
acotado,0.05,0.2185639154895707,0.3293196633473103,0.2291260914100709,1334,True,0.9539023432228986
acotado,0.1,0.1849875828561877,0.298292760182643,0.4816465322588882,1334,True,0.3840733203011117
acotado,0.2,0.7577385637357108,0.9590248625451944,0.9347756621913574,1334,True,0.8106100686868274
acotado,0.5,1.3371140520287068,1.837602524207599,2.0480732615067474,1334,True,0.6528643663093405
gaussiano,0.01,0.0704551230964642,0.1309232949976443,0.0730874520784399,162,True,0.963983845282353
gaussiano,0.05,0.1817209082153311,0.6159314151656855,0.2353833760379196,162,True,0.7720209951702638
gaussiano,0.1,0.4321446506397968,1.0918482145478157,0.4771707825395798,162,True,0.9056393778760999
gaussiano,0.2,0.3953774423462217,1.212980990346584,0.8076441119200228,162,True,0.48954414018606013
gaussiano,0.5,1.2657413875923271,3.1714179023368505,3.111939433724072,162,True,0.4067371536462099
acotado,0.01,0.025016967159106,0.0686274884141679,0.025016967159106,162,True,1.0
acotado,0.05,0.0775238363035273,0.2534368589796987,0.1139583865771816,162,True,0.6802819751315279
acotado,0.1,0.2697835938943904,0.7478501691204482,0.3370988046724888,162,True,0.8003101469211702
acotado,0.2,0.3190058623126284,1.1179243756016637,0.6496965818952201,162,True,0.4910074505580147
acotado,0.5,0.4711919419471162,1.116135588479076,1.462121589442538,162,True,0.32226590821818535
